id_destino,nombre_destino,ciudad,descripcion,precio_base,activo
795.0,Comuna 13,Medellín,"Visita piedra del peñol,Pueblo de colores,Replica",156941.6574358728,
750.0,Comuna 13,Medellín,"Visita puente colgante,Centro historico",640463.16729931,
604.0,Perú,Medellín,"Visita puente colgante,Centro historico",522305.7631999544,No
344.0,Perú,Medellín,"Visita piedra del peñol,Pueblo de colores,Replica",683596.343553958,Si
312.0,Aeropuerto,España,"Visita piedra del peñol,Pueblo de colores,Replica",334980.01378341543,Si
,Oriente,Medellín,"Visita el Retiro, la Ceja,San antonio de pereira, rionegro",629987.0785787215,Si
391.0,Comuna 13,Medellín,"Visita el Retiro, la Ceja,San antonio de pereira, rionegro",398982.8652165327,No
270.0,Oriente,Medellín,"Visita puente colgante,Centro historico",542030.3907277948,
245.0,Perú,Medellín,Traslados desde y hacia el Aeropuerto JMC,857548.4727769166,No
261.0,Guatapé,Medellín,"Visita puente colgante,Centro historico",709586.1485254731,
146.0,Santa fe de Antioquia,Medellín,"Visita el Retiro, la Ceja,San antonio de pereira, rionegro",201585.5263771764,
,Aeropuerto,Medellín,"Visita grafitour, escaleras electricas",488843.22686104156,No
,Aeropuerto,Medellín,"Visita puente colgante,Centro historico",442913.8363316235,Si
203.0,Aeropuerto,Medellín,Traslados desde y hacia el Aeropuerto JMC,168983.07430817164,
62.0,Perú,Medellín,"Visita piedra del peñol,Pueblo de colores,Replica",179853.49537966916,Si
746.0,Guatapé,Medellín,Traslados desde y hacia el Aeropuerto JMC,552564.7000663998,
372.0,Oriente,Medellín,"Visita el Retiro, la Ceja,San antonio de pereira, rionegro",547951.2254020321,
79.0,Comuna 13,Medellín,Traslados desde y hacia el Aeropuerto JMC,299664.77255274204,
,Guatapé,Medellín,"Visita el Retiro, la Ceja,San antonio de pereira, rionegro",611892.37395983,Si
335.0,Santa fe de Antioquia,España,"Visita piedra del peñol,Pueblo de colores,Replica",384936.47947939206,No
982.0,Cartagena,Medellín,"Visita piedra del peñol,Pueblo de colores,Replica",151700.56969508526,Si
686.0,Aeropuerto,Medellín,"Visita piedra del peñol,Pueblo de colores,Replica",429871.5751535005,
974.0,Comuna 13,Medellín,Traslados desde y hacia el Aeropuerto JMC,775848.9061538593,
747.0,Cartagena,Medellín,"Visita el Retiro, la Ceja,San antonio de pereira, rionegro",584882.1347559346,No
24.0,Guatapé,Medellín,"Visita piedra del peñol,Pueblo de colores,Replica",210507.81912868287,
320.0,Cartagena,Medellín,"Visita puente colgante,Centro historico",551663.413064174,Si
249.0,Guatapé,Medellín,"Visita piedra del peñol,Pueblo de colores,Replica",524245.630693465,
397.0,Comuna 13,Portugal,"Visita grafitour, escaleras electricas",613316.801503679,Si
,Guatapé,Medellín,"Visita puente colgante,Centro historico",871851.505697002,No
541.0,Guatapé,Medellín,"Visita piedra del peñol,Pueblo de colores,Replica",570621.4522557405,
796.0,Aeropuerto,Medellín,"Visita grafitour, escaleras electricas",248661.44906283534,Si
501.0,Aeropuerto,Medellín,"Visita piedra del peñol,Pueblo de colores,Replica",871942.4694296274,
,Guatapé,Medellín,"Visita puente colgante,Centro historico",875374.5467926856,No
475.0,Guatapé,Medellín,"Visita piedra del peñol,Pueblo de colores,Replica",600950.5726336015,
910.0,Perú,Medellín,"Visita grafitour, escaleras electricas",745716.7015829331,No
160.0,Guatapé,Medellín,"Visita puente colgante,Centro historico",312234.5124181685,
604.0,Santa fe de Antioquia,Medellín,"Visita puente colgante,Centro historico",790334.5702540318,Si
901.0,Comuna 13,Medellín,"Visita piedra del peñol,Pueblo de colores,Replica",858849.3696517822,
,Guatapé,Medellín,"Visita grafitour, escaleras electricas",555297.2552093867,Si
354.0,Santa fe de Antioquia,España,"Visita piedra del peñol,Pueblo de colores,Replica",893783.2208809444,Si
934.0,Aeropuerto,Medellín,"Visita puente colgante,Centro historico",288794.5630113139,
626.0,Perú,Medellín,"Visita puente colgante,Centro historico",450034.6089832114,No
112.0,Guatapé,Medellín,"Visita grafitour, escaleras electricas",489561.40719689947,Si
419.0,Aeropuerto,Medellín,Traslados desde y hacia el Aeropuerto JMC,601035.1095028499,
930.0,Guatapé,Medellín,"Visita grafitour, escaleras electricas",244188.70779939246,No
89.0,Santa fe de Antioquia,Medellín,"Visita piedra del peñol,Pueblo de colores,Replica",516876.8823715357,
541.0,Santa fe de Antioquia,Medellín,"Visita grafitour, escaleras electricas",280820.92229121446,No
217.0,Guatapé,España,"Visita puente colgante,Centro historico",816011.657166144,Si
,Oriente,Medellín,Traslados desde y hacia el Aeropuerto JMC,682993.0917848896,Si
738.0,Guatapé,Medellín,"Visita piedra del peñol,Pueblo de colores,Replica",402959.79982066026,
286.0,Guatapé,Medellín,"Visita puente colgante,Centro historico",649355.6994439033,
151.0,Santa fe de Antioquia,Medellín,"Visita grafitour, escaleras electricas",349439.6032931417,
619.0,Perú,Medellín,"Visita el Retiro, la Ceja,San antonio de pereira, rionegro",772017.8687211622,Si
652.0,Comuna 13,Medellín,Traslados desde y hacia el Aeropuerto JMC,651654.6544523367,
,Guatapé,Medellín,"Visita grafitour, escaleras electricas",503269.401711063,Si
997.0,Comuna 13,Medellín,"Visita el Retiro, la Ceja,San antonio de pereira, rionegro",505213.15416765754,No
648.0,Oriente,Medellín,Traslados desde y hacia el Aeropuerto JMC,740192.5041787396,
903.0,Santa fe de Antioquia,Medellín,"Visita piedra del peñol,Pueblo de colores,Replica",369218.73052126344,
528.0,Cartagena,Medellín,"Visita el Retiro, la Ceja,San antonio de pereira, rionegro",437503.42405999516,Si
53.0,Perú,Medellín,"Visita piedra del peñol,Pueblo de colores,Replica",389400.5980761736,No
400.0,Santa fe de Antioquia,Medellín,"Visita el Retiro, la Ceja,San antonio de pereira, rionegro",696576.5729687134,No
316.0,Oriente,Medellín,"Visita grafitour, escaleras electricas",424297.47008111636,
880.0,Comuna 13,Medellín,"Visita piedra del peñol,Pueblo de colores,Replica",522392.88661622786,
241.0,Aeropuerto,Medellín,"Visita el Retiro, la Ceja,San antonio de pereira, rionegro",403018.44581483037,
485.0,Comuna 13,Medellín,"Visita el Retiro, la Ceja,San antonio de pereira, rionegro",252597.24523342683,
87.0,Oriente,Medellín,"Visita piedra del peñol,Pueblo de colores,Replica",310287.91494561627,
768.0,Oriente,Medellín,"Visita el Retiro, la Ceja,San antonio de pereira, rionegro",359576.82625085453,
175.0,Santa fe de Antioquia,Medellín,Traslados desde y hacia el Aeropuerto JMC,378540.6970796618,
,Aeropuerto,Medellín,"Visita puente colgante,Centro historico",897197.473228878,No
219.0,Oriente,Medellín,Traslados desde y hacia el Aeropuerto JMC,606410.3618201925,
431.0,Aeropuerto,Medellín,"Visita grafitour, escaleras electricas",320058.8820444632,
,Santa fe de Antioquia,Medellín,"Visita el Retiro, la Ceja,San antonio de pereira, rionegro",305681.4721488841,No
,Guatapé,Medellín,Traslados desde y hacia el Aeropuerto JMC,438214.10447232064,No
674.0,Perú,Medellín,"Visita grafitour, escaleras electricas",889577.7156040225,No
361.0,Oriente,Medellín,Traslados desde y hacia el Aeropuerto JMC,546666.3865861248,Si
17.0,Oriente,Portugal,"Visita grafitour, escaleras electricas",800873.8500440122,Si
,Santa fe de Antioquia,Medellín,"Visita grafitour, escaleras electricas",429268.69038553396,Si
392.0,Comuna 13,Medellín,"Visita el Retiro, la Ceja,San antonio de pereira, rionegro",788413.7863210323,
929.0,Oriente,Medellín,"Visita grafitour, escaleras electricas",357502.95884445636,
167.0,Perú,Medellín,Traslados desde y hacia el Aeropuerto JMC,312525.4449080037,Si
,Oriente,Medellín,"Visita el Retiro, la Ceja,San antonio de pereira, rionegro",659276.6119213878,No
830.0,Santa fe de Antioquia,Portugal,Traslados desde y hacia el Aeropuerto JMC,152360.1828839009,No
274.0,Guatapé,Medellín,"Visita el Retiro, la Ceja,San antonio de pereira, rionegro",671307.6659410994,No
693.0,Oriente,Medellín,"Visita el Retiro, la Ceja,San antonio de pereira, rionegro",602995.735995516,
504.0,Santa fe de Antioquia,Medellín,"Visita grafitour, escaleras electricas",527893.9028220442,Si
889.0,Santa fe de Antioquia,Medellín,"Visita puente colgante,Centro historico",889437.9648513643,
,Santa fe de Antioquia,Medellín,Traslados desde y hacia el Aeropuerto JMC,866862.498698665,No
58.0,Comuna 13,Medellín,"Visita puente colgante,Centro historico",633128.8969237136,
303.0,Guatapé,Medellín,Traslados desde y hacia el Aeropuerto JMC,693461.6179792127,
212.0,Santa fe de Antioquia,Medellín,"Visita puente colgante,Centro historico",657296.112387674,
226.0,Guatapé,Medellín,"Visita el Retiro, la Ceja,San antonio de pereira, rionegro",436109.1307936586,No
286.0,Comuna 13,Medellín,"Visita grafitour, escaleras electricas",569964.4644167935,
599.0,Aeropuerto,Medellín,"Visita grafitour, escaleras electricas",201802.69161013648,
827.0,Comuna 13,Medellín,Traslados desde y hacia el Aeropuerto JMC,245510.0069847094,
553.0,Aeropuerto,Medellín,Traslados desde y hacia el Aeropuerto JMC,188749.73359380837,
,Aeropuerto,Medellín,"Visita puente colgante,Centro historico",260663.90173532403,No
689.0,Comuna 13,Medellín,"Visita piedra del peñol,Pueblo de colores,Replica",287004.5025691502,
881.0,Aeropuerto,Portugal,"Visita el Retiro, la Ceja,San antonio de pereira, rionegro",192480.412203838,No
631.0,Aeropuerto,Portugal,"Visita el Retiro, la Ceja,San antonio de pereira, rionegro",232098.72853443527,No
697.0,Aeropuerto,Medellín,Traslados desde y hacia el Aeropuerto JMC,264933.76404820976,
454.0,Santa fe de Antioquia,Medellín,"Visita piedra del peñol,Pueblo de colores,Replica",615411.8973356781,
33.0,Guatapé,Medellín,"Visita grafitour, escaleras electricas",604019.5063466743,
558.0,Aeropuerto,España,"Visita grafitour, escaleras electricas",822874.3218910582,Si
115.0,Cartagena,Medellín,"Visita piedra del peñol,Pueblo de colores,Replica",668799.6150812814,No
538.0,Santa fe de Antioquia,Medellín,Traslados desde y hacia el Aeropuerto JMC,355873.5214188794,
783.0,Perú,Medellín,"Visita grafitour, escaleras electricas",325320.4145876417,No
371.0,Oriente,Medellín,"Visita puente colgante,Centro historico",698240.9907621149,
526.0,Santa fe de Antioquia,Medellín,"Visita grafitour, escaleras electricas",642685.6768282421,
129.0,Aeropuerto,Portugal,"Visita grafitour, escaleras electricas",697147.0494348191,No
775.0,Comuna 13,Medellín,"Visita el Retiro, la Ceja,San antonio de pereira, rionegro",653999.9932382039,Si
,Santa fe de Antioquia,Medellín,"Visita el Retiro, la Ceja,San antonio de pereira, rionegro",249410.2911272709,No
,Oriente,Medellín,"Visita piedra del peñol,Pueblo de colores,Replica",608993.2456638224,Si
993.0,Oriente,Medellín,"Visita grafitour, escaleras electricas",671440.4643972204,
,Santa fe de Antioquia,Medellín,"Visita el Retiro, la Ceja,San antonio de pereira, rionegro",423067.58017021575,Si
947.0,Santa fe de Antioquia,Medellín,Traslados desde y hacia el Aeropuerto JMC,204260.34128210708,
,Guatapé,Medellín,"Visita grafitour, escaleras electricas",885528.4972067205,Si
111.0,Cartagena,Medellín,"Visita piedra del peñol,Pueblo de colores,Replica",792007.6969166091,Si
546.0,Guatapé,Medellín,"Visita puente colgante,Centro historico",747343.7714997526,
,Comuna 13,Medellín,"Visita piedra del peñol,Pueblo de colores,Replica",760679.7233591522,No
730.0,Perú,Medellín,"Visita grafitour, escaleras electricas",476101.2335014643,No
103.0,Comuna 13,Medellín,"Visita el Retiro, la Ceja,San antonio de pereira, rionegro",826719.3333227248,
695.0,Cartagena,Medellín,"Visita puente colgante,Centro historico",360016.20786142483,No
436.0,Guatapé,Medellín,"Visita el Retiro, la Ceja,San antonio de pereira, rionegro",770186.0515392934,
447.0,Aeropuerto,Portugal,"Visita el Retiro, la Ceja,San antonio de pereira, rionegro",280195.1510463507,No
192.0,Guatapé,España,"Visita el Retiro, la Ceja,San antonio de pereira, rionegro",390806.0922543723,Si
709.0,Aeropuerto,Medellín,"Visita piedra del peñol,Pueblo de colores,Replica",615925.9805120637,
427.0,Guatapé,Portugal,Traslados desde y hacia el Aeropuerto JMC,445733.15322120785,Si
,Aeropuerto,Medellín,"Visita piedra del peñol,Pueblo de colores,Replica",286431.09496502776,Si
745.0,Guatapé,Medellín,"Visita grafitour, escaleras electricas",442221.01116919157,No
29.0,Santa fe de Antioquia,Medellín,"Visita puente colgante,Centro historico",700086.3312463826,
736.0,Guatapé,Medellín,Traslados desde y hacia el Aeropuerto JMC,428117.29134956695,Si
,Comuna 13,Medellín,"Visita grafitour, escaleras electricas",727400.7944979249,Si
391.0,Guatapé,Medellín,Traslados desde y hacia el Aeropuerto JMC,612804.1827524253,No
595.0,Aeropuerto,España,"Visita grafitour, escaleras electricas",428486.5109505712,Si
516.0,Oriente,Medellín,Traslados desde y hacia el Aeropuerto JMC,454040.66903061635,
513.0,Perú,Medellín,"Visita piedra del peñol,Pueblo de colores,Replica",577632.0199968901,No
,Aeropuerto,Medellín,Traslados desde y hacia el Aeropuerto JMC,294626.36123148724,Si
608.0,Cartagena,Medellín,"Visita el Retiro, la Ceja,San antonio de pereira, rionegro",386310.86499544024,No
,Aeropuerto,Medellín,"Visita piedra del peñol,Pueblo de colores,Replica",551570.8937069792,Si
,Comuna 13,Medellín,"Visita el Retiro, la Ceja,San antonio de pereira, rionegro",893812.6383912374,No
604.0,Guatapé,Medellín,"Visita grafitour, escaleras electricas",447375.38936512003,
448.0,Guatapé,Medellín,"Visita puente colgante,Centro historico",353982.4682874951,
691.0,Comuna 13,Medellín,"Visita grafitour, escaleras electricas",762668.0639535872,Si
372.0,Aeropuerto,Medellín,"Visita el Retiro, la Ceja,San antonio de pereira, rionegro",254824.321345831,No
552.0,Comuna 13,Medellín,"Visita el Retiro, la Ceja,San antonio de pereira, rionegro",550207.6612637197,
,Comuna 13,Medellín,"Visita el Retiro, la Ceja,San antonio de pereira, rionegro",473682.5631741099,Si
617.0,Aeropuerto,Medellín,"Visita grafitour, escaleras electricas",619686.8178327492,
182.0,Comuna 13,Medellín,Traslados desde y hacia el Aeropuerto JMC,537537.9979058324,
918.0,Guatapé,Medellín,"Visita grafitour, escaleras electricas",520796.12449409824,
161.0,Perú,Medellín,"Visita piedra del peñol,Pueblo de colores,Replica",848860.8516864587,Si
850.0,Comuna 13,Medellín,"Visita puente colgante,Centro historico",604031.8525774097,
101.0,Guatapé,Medellín,"Visita el Retiro, la Ceja,San antonio de pereira, rionegro",282763.26440576103,
252.0,Oriente,Medellín,"Visita piedra del peñol,Pueblo de colores,Replica",629685.7646556066,
977.0,Guatapé,Medellín,"Visita el Retiro, la Ceja,San antonio de pereira, rionegro",269555.7723247828,
394.0,Santa fe de Antioquia,Medellín,"Visita el Retiro, la Ceja,San antonio de pereira, rionegro",259448.7260912347,
146.0,Santa fe de Antioquia,Medellín,"Visita piedra del peñol,Pueblo de colores,Replica",204787.6938128215,
,Santa fe de Antioquia,Medellín,"Visita puente colgante,Centro historico",647875.533489409,Si
694.0,Oriente,Medellín,"Visita puente colgante,Centro historico",345184.66618142586,
992.0,Perú,Medellín,Traslados desde y hacia el Aeropuerto JMC,218770.64038593852,Si
,Oriente,Medellín,"Visita puente colgante,Centro historico",179925.6371177939,Si
116.0,Santa fe de Antioquia,Medellín,"Visita el Retiro, la Ceja,San antonio de pereira, rionegro",645523.5355125165,
,Santa fe de Antioquia,Medellín,"Visita puente colgante,Centro historico",581346.4005517089,No
935.0,Perú,Medellín,"Visita grafitour, escaleras electricas",484886.2310639601,No
,Comuna 13,Medellín,"Visita grafitour, escaleras electricas",438464.1623682411,No
808.0,Guatapé,Medellín,"Visita el Retiro, la Ceja,San antonio de pereira, rionegro",409988.63543093915,
464.0,Santa fe de Antioquia,España,Traslados desde y hacia el Aeropuerto JMC,728734.8024221294,No
758.0,Santa fe de Antioquia,Medellín,"Visita grafitour, escaleras electricas",706476.8193878585,No
634.0,Santa fe de Antioquia,Medellín,"Visita grafitour, escaleras electricas",392433.69302963984,
882.0,Aeropuerto,Medellín,"Visita puente colgante,Centro historico",750683.5213767607,
101.0,Aeropuerto,Medellín,"Visita puente colgante,Centro historico",775729.3780318336,
868.0,Oriente,Medellín,"Visita grafitour, escaleras electricas",369144.346627287,
73.0,Cartagena,Medellín,"Visita grafitour, escaleras electricas",531000.4192827167,Si
330.0,Aeropuerto,Medellín,"Visita piedra del peñol,Pueblo de colores,Replica",313524.551543337,
,Aeropuerto,Medellín,"Visita piedra del peñol,Pueblo de colores,Replica",509269.22292499285,No
,Aeropuerto,Medellín,"Visita grafitour, escaleras electricas",254554.92528613826,No
241.0,Comuna 13,Medellín,"Visita el Retiro, la Ceja,San antonio de pereira, rionegro",591079.4837066992,
528.0,Santa fe de Antioquia,Medellín,"Visita puente colgante,Centro historico",648209.2971927371,
482.0,Santa fe de Antioquia,Medellín,"Visita piedra del peñol,Pueblo de colores,Replica",411682.53351745335,Si
,Guatapé,Medellín,"Visita el Retiro, la Ceja,San antonio de pereira, rionegro",645279.1955530753,Si
335.0,Santa fe de Antioquia,Medellín,"Visita piedra del peñol,Pueblo de colores,Replica",589802.0134253539,
162.0,Comuna 13,Medellín,"Visita grafitour, escaleras electricas",543677.9655139437,Si
651.0,Aeropuerto,Medellín,"Visita puente colgante,Centro historico",595136.4420736597,
33.0,Comuna 13,Medellín,Traslados desde y hacia el Aeropuerto JMC,233141.8739064233,
305.0,Guatapé,Medellín,"Visita el Retiro, la Ceja,San antonio de pereira, rionegro",161691.68286603168,No
757.0,Comuna 13,Medellín,"Visita puente colgante,Centro historico",244882.69643947243,
469.0,Oriente,Medellín,"Visita puente colgante,Centro historico",854352.8246683731,
796.0,Cartagena,Medellín,"Visita piedra del peñol,Pueblo de colores,Replica",671305.3963271042,No
133.0,Comuna 13,Medellín,Traslados desde y hacia el Aeropuerto JMC,260019.82230434805,
,Aeropuerto,Medellín,Traslados desde y hacia el Aeropuerto JMC,713950.6224425286,Si
,Comuna 13,Medellín,"Visita puente colgante,Centro historico",260313.27570965275,Si
492.0,Santa fe de Antioquia,Medellín,"Visita el Retiro, la Ceja,San antonio de pereira, rionegro",785451.1449807279,
626.0,Guatapé,Medellín,"Visita puente colgante,Centro historico",778597.9428851523,
881.0,Oriente,Medellín,"Visita piedra del peñol,Pueblo de colores,Replica",257000.30155226396,
719.0,Santa fe de Antioquia,Medellín,Traslados desde y hacia el Aeropuerto JMC,864174.1965289551,
,Oriente,Medellín,"Visita el Retiro, la Ceja,San antonio de pereira, rionegro",482612.3324948582,No
311.0,Oriente,Medellín,"Visita puente colgante,Centro historico",297673.64461319905,
464.0,Comuna 13,España,Traslados desde y hacia el Aeropuerto JMC,511967.1257362254,No
200.0,Cartagena,Medellín,"Visita puente colgante,Centro historico",359736.4822050957,Si
989.0,Perú,Medellín,Traslados desde y hacia el Aeropuerto JMC,584968.5834851151,Si
749.0,Aeropuerto,Medellín,"Visita grafitour, escaleras electricas",425992.84798234096,
,Guatapé,Medellín,"Visita piedra del peñol,Pueblo de colores,Replica",271662.859069058,Si
306.0,Guatapé,Medellín,"Visita el Retiro, la Ceja,San antonio de pereira, rionegro",382589.14558123087,No
,Santa fe de Antioquia,Medellín,"Visita piedra del peñol,Pueblo de colores,Replica",171141.97913686009,No
403.0,Guatapé,Medellín,"Visita el Retiro, la Ceja,San antonio de pereira, rionegro",158278.9044936853,
850.0,Comuna 13,Medellín,"Visita el Retiro, la Ceja,San antonio de pereira, rionegro",560467.1317461801,
748.0,Perú,Medellín,"Visita grafitour, escaleras electricas",290057.19589576457,Si
278.0,Comuna 13,Medellín,"Visita puente colgante,Centro historico",605728.6578451416,
576.0,Comuna 13,Medellín,Traslados desde y hacia el Aeropuerto JMC,304893.86073156376,Si
308.0,Cartagena,Medellín,"Visita piedra del peñol,Pueblo de colores,Replica",783144.3373956676,Si
,Guatapé,Medellín,"Visita grafitour, escaleras electricas",206458.37757841276,No
,Santa fe de Antioquia,Medellín,"Visita el Retiro, la Ceja,San antonio de pereira, rionegro",879222.9806076125,Si
936.0,Comuna 13,Portugal,Traslados desde y hacia el Aeropuerto JMC,292980.765672371,No
,Aeropuerto,Medellín,"Visita el Retiro, la Ceja,San antonio de pereira, rionegro",219690.5546866416,Si
181.0,Aeropuerto,Medellín,"Visita puente colgante,Centro historico",300088.50981440046,
,Aeropuerto,Medellín,"Visita grafitour, escaleras electricas",274952.6404563632,Si
706.0,Oriente,Medellín,"Visita piedra del peñol,Pueblo de colores,Replica",509109.4568270771,No
475.0,Comuna 13,Medellín,Traslados desde y hacia el Aeropuerto JMC,826825.8105465886,
956.0,Comuna 13,Medellín,"Visita el Retiro, la Ceja,San antonio de pereira, rionegro",842162.8564550277,
461.0,Perú,Medellín,"Visita puente colgante,Centro historico",692718.3446262381,No
,Comuna 13,Medellín,Traslados desde y hacia el Aeropuerto JMC,287009.7572078989,Si
178.0,Aeropuerto,Medellín,"Visita el Retiro, la Ceja,San antonio de pereira, rionegro",862467.3198578961,
870.0,Guatapé,Medellín,"Visita el Retiro, la Ceja,San antonio de pereira, rionegro",683231.0453700369,
33.0,Perú,Medellín,"Visita puente colgante,Centro historico",559286.4403002309,No
245.0,Comuna 13,Medellín,"Visita puente colgante,Centro historico",603349.3728072795,
830.0,Santa fe de Antioquia,Medellín,"Visita puente colgante,Centro historico",650636.8774248778,
290.0,Aeropuerto,Medellín,"Visita grafitour, escaleras electricas",576672.31882856,
946.0,Santa fe de Antioquia,España,"Visita el Retiro, la Ceja,San antonio de pereira, rionegro",415304.2485939458,No
596.0,Perú,Medellín,"Visita el Retiro, la Ceja,San antonio de pereira, rionegro",292851.38616472145,Si
842.0,Comuna 13,Medellín,"Visita piedra del peñol,Pueblo de colores,Replica",295778.35634073697,
,Aeropuerto,Medellín,"Visita el Retiro, la Ceja,San antonio de pereira, rionegro",623131.3474732664,Si
896.0,Guatapé,Medellín,"Visita grafitour, escaleras electricas",449471.63368993497,
249.0,Comuna 13,Medellín,"Visita piedra del peñol,Pueblo de colores,Replica",821141.3054368064,
,Aeropuerto,Medellín,"Visita puente colgante,Centro historico",400056.17968348355,No
,Comuna 13,Medellín,"Visita el Retiro, la Ceja,San antonio de pereira, rionegro",458748.86302037316,Si
786.0,Comuna 13,Medellín,"Visita el Retiro, la Ceja,San antonio de pereira, rionegro",745483.6416549981,
806.0,Santa fe de Antioquia,España,Traslados desde y hacia el Aeropuerto JMC,150853.25161506128,Si
,Guatapé,Medellín,"Visita puente colgante,Centro historico",706441.4765863494,Si
,Guatapé,Medellín,"Visita el Retiro, la Ceja,San antonio de pereira, rionegro",660014.3173358017,No
858.0,Guatapé,Medellín,"Visita puente colgante,Centro historico",175724.7158328541,
176.0,Santa fe de Antioquia,Medellín,"Visita piedra del peñol,Pueblo de colores,Replica",358867.0119987994,
309.0,Oriente,Portugal,"Visita piedra del peñol,Pueblo de colores,Replica",626674.150302287,No
955.0,Santa fe de Antioquia,Medellín,Traslados desde y hacia el Aeropuerto JMC,167457.00647146333,
,Santa fe de Antioquia,Medellín,"Visita puente colgante,Centro historico",469850.1372543756,No
237.0,Perú,Medellín,"Visita puente colgante,Centro historico",872874.894351572,Si
538.0,Comuna 13,Medellín,"Visita puente colgante,Centro historico",846410.466754081,
434.0,Aeropuerto,Medellín,Traslados desde y hacia el Aeropuerto JMC,610844.7599356199,
181.0,Oriente,Medellín,"Visita el Retiro, la Ceja,San antonio de pereira, rionegro",347922.93606904,
388.0,Santa fe de Antioquia,Medellín,"Visita piedra del peñol,Pueblo de colores,Replica",333607.5841923547,Si
115.0,Oriente,Portugal,"Visita el Retiro, la Ceja,San antonio de pereira, rionegro",326940.160312739,No
69.0,Aeropuerto,Medellín,Traslados desde y hacia el Aeropuerto JMC,417116.49510042445,No
,Comuna 13,Medellín,Traslados desde y hacia el Aeropuerto JMC,653889.6339935592,Si
,Aeropuerto,Medellín,"Visita piedra del peñol,Pueblo de colores,Replica",578988.1481067999,No
,Comuna 13,Medellín,Traslados desde y hacia el Aeropuerto JMC,560698.5128363038,Si
,Comuna 13,Medellín,"Visita puente colgante,Centro historico",488905.14148280484,Si
821.0,Santa fe de Antioquia,Medellín,"Visita grafitour, escaleras electricas",609160.4880612395,
702.0,Guatapé,Medellín,"Visita puente colgante,Centro historico",240607.17725714546,
524.0,Cartagena,Medellín,"Visita grafitour, escaleras electricas",446289.2397808927,Si
710.0,Santa fe de Antioquia,Medellín,Traslados desde y hacia el Aeropuerto JMC,820782.7863559077,Si
426.0,Santa fe de Antioquia,Medellín,"Visita puente colgante,Centro historico",297650.70639538026,
570.0,Comuna 13,Medellín,"Visita puente colgante,Centro historico",403087.49913508113,
,Comuna 13,Medellín,"Visita el Retiro, la Ceja,San antonio de pereira, rionegro",156064.55599285406,Si
717.0,Comuna 13,Medellín,"Visita piedra del peñol,Pueblo de colores,Replica",517770.8735564715,Si
,Oriente,Medellín,"Visita grafitour, escaleras electricas",455520.33973964804,Si
817.0,Oriente,Medellín,"Visita puente colgante,Centro historico",811941.6772723458,
697.0,Perú,Medellín,"Visita puente colgante,Centro historico",557364.3796821437,Si
929.0,Comuna 13,Portugal,"Visita el Retiro, la Ceja,San antonio de pereira, rionegro",484267.95757475594,No
223.0,Comuna 13,Medellín,"Visita el Retiro, la Ceja,San antonio de pereira, rionegro",602259.8715266825,
891.0,Oriente,Medellín,Traslados desde y hacia el Aeropuerto JMC,693967.270238048,
732.0,Cartagena,Medellín,"Visita el Retiro, la Ceja,San antonio de pereira, rionegro",604072.7332540315,Si
,Comuna 13,Medellín,"Visita el Retiro, la Ceja,San antonio de pereira, rionegro",276338.7202664113,Si
294.0,Santa fe de Antioquia,España,"Visita puente colgante,Centro historico",436006.49550758686,No
742.0,Guatapé,Medellín,"Visita el Retiro, la Ceja,San antonio de pereira, rionegro",559698.2252520632,
,Guatapé,Medellín,"Visita el Retiro, la Ceja,San antonio de pereira, rionegro",485249.77010076947,Si
720.0,Comuna 13,Medellín,"Visita grafitour, escaleras electricas",377600.51294591,
161.0,Guatapé,Medellín,Traslados desde y hacia el Aeropuerto JMC,359815.2274948161,Si
132.0,Perú,Medellín,Traslados desde y hacia el Aeropuerto JMC,256211.58951441545,Si
797.0,Oriente,España,"Visita grafitour, escaleras electricas",297641.1950511905,No
165.0,Oriente,Medellín,Traslados desde y hacia el Aeropuerto JMC,568662.3086060851,Si
,Oriente,Medellín,"Visita puente colgante,Centro historico",682167.5112793173,No
140.0,Comuna 13,Medellín,Traslados desde y hacia el Aeropuerto JMC,539879.6622742221,Si
323.0,Santa fe de Antioquia,Medellín,"Visita puente colgante,Centro historico",629044.8720564925,
585.0,Perú,Medellín,Traslados desde y hacia el Aeropuerto JMC,502075.7138522063,Si
,Santa fe de Antioquia,Medellín,"Visita el Retiro, la Ceja,San antonio de pereira, rionegro",635951.2767231886,Si
83.0,Aeropuerto,Portugal,"Visita piedra del peñol,Pueblo de colores,Replica",160995.82552843654,No
,Oriente,Medellín,Traslados desde y hacia el Aeropuerto JMC,894124.7372051405,Si
853.0,Comuna 13,Medellín,"Visita puente colgante,Centro historico",856855.0116470326,
,Santa fe de Antioquia,Medellín,"Visita grafitour, escaleras electricas",623347.8502804202,No
,Oriente,Medellín,"Visita puente colgante,Centro historico",681037.9007864962,Si
129.0,Oriente,Medellín,"Visita piedra del peñol,Pueblo de colores,Replica",764030.8619705258,
154.0,Guatapé,Medellín,"Visita piedra del peñol,Pueblo de colores,Replica",669085.252061044,No
367.0,Guatapé,Medellín,"Visita grafitour, escaleras electricas",759188.4239473963,No
622.0,Comuna 13,Medellín,"Visita grafitour, escaleras electricas",704090.3518228896,
180.0,Guatapé,Medellín,"Visita puente colgante,Centro historico",691690.6801735092,
,Comuna 13,Medellín,Traslados desde y hacia el Aeropuerto JMC,721784.1566099679,Si
907.0,Guatapé,Medellín,Traslados desde y hacia el Aeropuerto JMC,833163.8261857838,
311.0,Comuna 13,Medellín,"Visita puente colgante,Centro historico",864995.9819330114,
387.0,Guatapé,Medellín,"Visita el Retiro, la Ceja,San antonio de pereira, rionegro",182639.3959297103,
958.0,Aeropuerto,Medellín,"Visita grafitour, escaleras electricas",876003.5628706862,
419.0,Oriente,Medellín,"Visita puente colgante,Centro historico",508491.8418246139,
558.0,Guatapé,Medellín,"Visita el Retiro, la Ceja,San antonio de pereira, rionegro",563786.0873257967,
917.0,Guatapé,Medellín,"Visita piedra del peñol,Pueblo de colores,Replica",556253.7016654612,
37.0,Perú,Medellín,Traslados desde y hacia el Aeropuerto JMC,428598.1361591526,Si
985.0,Oriente,Medellín,"Visita puente colgante,Centro historico",806477.3167642182,
680.0,Guatapé,Medellín,Traslados desde y hacia el Aeropuerto JMC,412342.2874186774,
645.0,Cartagena,Medellín,"Visita piedra del peñol,Pueblo de colores,Replica",429312.93397528894,Si
,Comuna 13,Medellín,"Visita piedra del peñol,Pueblo de colores,Replica",416396.7383208662,Si
947.0,Oriente,Medellín,"Visita el Retiro, la Ceja,San antonio de pereira, rionegro",862443.5948451742,
492.0,Oriente,Medellín,"Visita piedra del peñol,Pueblo de colores,Replica",213909.96285929036,
764.0,Guatapé,Portugal,"Visita piedra del peñol,Pueblo de colores,Replica",158729.4603179502,No
986.0,Aeropuerto,Medellín,"Visita grafitour, escaleras electricas",356634.04520023416,
799.0,Perú,Medellín,Traslados desde y hacia el Aeropuerto JMC,376174.4880191827,No
907.0,Perú,Medellín,"Visita el Retiro, la Ceja,San antonio de pereira, rionegro",274709.0415175983,Si
204.0,Oriente,Medellín,Traslados desde y hacia el Aeropuerto JMC,556650.654944537,
,Oriente,Medellín,"Visita puente colgante,Centro historico",574778.1187407128,No
,Oriente,Medellín,Traslados desde y hacia el Aeropuerto JMC,339280.28048172145,Si
,Oriente,Medellín,"Visita el Retiro, la Ceja,San antonio de pereira, rionegro",288455.75745537895,Si
59.0,Aeropuerto,Medellín,"Visita piedra del peñol,Pueblo de colores,Replica",649583.7886549071,
,Oriente,Medellín,"Visita piedra del peñol,Pueblo de colores,Replica",700921.1256386638,No
271.0,Santa fe de Antioquia,Medellín,Traslados desde y hacia el Aeropuerto JMC,866680.201136315,
,Guatapé,Medellín,Traslados desde y hacia el Aeropuerto JMC,653845.7679743483,Si
327.0,Aeropuerto,Medellín,"Visita puente colgante,Centro historico",498574.2571917906,
,Aeropuerto,Medellín,Traslados desde y hacia el Aeropuerto JMC,192641.69693772309,Si
213.0,Santa fe de Antioquia,Medellín,"Visita el Retiro, la Ceja,San antonio de pereira, rionegro",479243.288721311,
678.0,Perú,Medellín,"Visita grafitour, escaleras electricas",881443.0035306453,Si
,Comuna 13,Medellín,"Visita piedra del peñol,Pueblo de colores,Replica",295907.82868988265,Si
532.0,Oriente,Medellín,"Visita puente colgante,Centro historico",478441.92366314057,No
,Santa fe de Antioquia,Medellín,"Visita el Retiro, la Ceja,San antonio de pereira, rionegro",359540.50236553326,No
26.0,Santa fe de Antioquia,Medellín,Traslados desde y hacia el Aeropuerto JMC,486373.95632680773,
234.0,Oriente,Medellín,"Visita puente colgante,Centro historico",254551.29964635253,Si
813.0,Cartagena,Medellín,Traslados desde y hacia el Aeropuerto JMC,414064.56164535915,Si
469.0,Comuna 13,Medellín,Traslados desde y hacia el Aeropuerto JMC,826019.8613003615,
,Guatapé,Medellín,"Visita grafitour, escaleras electricas",690075.2788272056,Si
803.0,Cartagena,Medellín,"Visita piedra del peñol,Pueblo de colores,Replica",490904.12303250964,No
41.0,Aeropuerto,Medellín,Traslados desde y hacia el Aeropuerto JMC,636216.8615494051,No
,Aeropuerto,Medellín,"Visita grafitour, escaleras electricas",254169.0318773997,Si
831.0,Aeropuerto,Medellín,Traslados desde y hacia el Aeropuerto JMC,539414.6923265839,No
,Santa fe de Antioquia,Medellín,"Visita el Retiro, la Ceja,San antonio de pereira, rionegro",389093.2111731141,No
,Guatapé,Medellín,"Visita puente colgante,Centro historico",216034.38379391964,Si
990.0,Aeropuerto,Medellín,Traslados desde y hacia el Aeropuerto JMC,434973.0710006173,
162.0,Cartagena,Medellín,"Visita el Retiro, la Ceja,San antonio de pereira, rionegro",822000.1729501348,No
758.0,Guatapé,Medellín,Traslados desde y hacia el Aeropuerto JMC,574153.865041759,Si
,Oriente,Medellín,"Visita piedra del peñol,Pueblo de colores,Replica",204208.41169916448,Si
239.0,Guatapé,Medellín,"Visita grafitour, escaleras electricas",477638.0756286966,No
810.0,Aeropuerto,Portugal,"Visita piedra del peñol,Pueblo de colores,Replica",163400.40926699748,No
100.0,Aeropuerto,Medellín,"Visita puente colgante,Centro historico",596855.8714351124,
502.0,Santa fe de Antioquia,Medellín,Traslados desde y hacia el Aeropuerto JMC,297150.0113345788,No
813.0,Santa fe de Antioquia,Medellín,"Visita puente colgante,Centro historico",860259.4325504865,No
637.0,Santa fe de Antioquia,Medellín,"Visita puente colgante,Centro historico",829600.1719536234,
110.0,Santa fe de Antioquia,Medellín,Traslados desde y hacia el Aeropuerto JMC,753712.774144227,
55.0,Guatapé,Medellín,"Visita puente colgante,Centro historico",743574.742841235,
,Santa fe de Antioquia,Medellín,"Visita el Retiro, la Ceja,San antonio de pereira, rionegro",305191.41375149053,Si
693.0,Oriente,España,"Visita grafitour, escaleras electricas",154843.04378556032,Si
966.0,Aeropuerto,Medellín,"Visita grafitour, escaleras electricas",599302.7217036941,
251.0,Comuna 13,Medellín,"Visita puente colgante,Centro historico",285763.7120007497,
206.0,Santa fe de Antioquia,Medellín,Traslados desde y hacia el Aeropuerto JMC,875625.0210817583,
977.0,Cartagena,Medellín,"Visita grafitour, escaleras electricas",803963.3728247087,No
713.0,Santa fe de Antioquia,Medellín,"Visita el Retiro, la Ceja,San antonio de pereira, rionegro",692912.3461305822,
656.0,Aeropuerto,Medellín,"Visita grafitour, escaleras electricas",860015.7128385219,
792.0,Oriente,Medellín,"Visita el Retiro, la Ceja,San antonio de pereira, rionegro",493337.85593645147,
,Oriente,Medellín,Traslados desde y hacia el Aeropuerto JMC,198938.20572883025,Si
,Oriente,Medellín,Traslados desde y hacia el Aeropuerto JMC,572227.653653102,No
537.0,Santa fe de Antioquia,Medellín,"Visita grafitour, escaleras electricas",391670.01122777903,
,Oriente,Medellín,"Visita el Retiro, la Ceja,San antonio de pereira, rionegro",751887.0614781693,No
963.0,Guatapé,Medellín,"Visita el Retiro, la Ceja,San antonio de pereira, rionegro",190111.17529891426,
,Aeropuerto,Medellín,"Visita piedra del peñol,Pueblo de colores,Replica",466144.20641941606,No
986.0,Perú,Medellín,"Visita piedra del peñol,Pueblo de colores,Replica",857096.7645250807,Si
574.0,Guatapé,España,"Visita el Retiro, la Ceja,San antonio de pereira, rionegro",432427.508242563,Si
,Santa fe de Antioquia,Medellín,"Visita el Retiro, la Ceja,San antonio de pereira, rionegro",617526.2492984878,Si
962.0,Guatapé,Portugal,"Visita el Retiro, la Ceja,San antonio de pereira, rionegro",877609.6017456476,Si
195.0,Comuna 13,Medellín,"Visita puente colgante,Centro historico",833134.6169279875,
283.0,Santa fe de Antioquia,Medellín,"Visita el Retiro, la Ceja,San antonio de pereira, rionegro",653766.4185840429,
635.0,Aeropuerto,Medellín,"Visita piedra del peñol,Pueblo de colores,Replica",476191.75275752216,
,Aeropuerto,Medellín,"Visita grafitour, escaleras electricas",430741.20304140425,Si
,Guatapé,Medellín,"Visita el Retiro, la Ceja,San antonio de pereira, rionegro",650900.7860150106,No
432.0,Oriente,Medellín,"Visita grafitour, escaleras electricas",621414.7395194225,
705.0,Oriente,Medellín,"Visita el Retiro, la Ceja,San antonio de pereira, rionegro",537554.0056293022,
877.0,Comuna 13,Portugal,"Visita el Retiro, la Ceja,San antonio de pereira, rionegro",767474.2853208754,No
984.0,Aeropuerto,Medellín,"Visita el Retiro, la Ceja,San antonio de pereira, rionegro",752586.7264558338,Si
213.0,Oriente,Medellín,"Visita grafitour, escaleras electricas",402311.35616444435,No
549.0,Cartagena,Medellín,Traslados desde y hacia el Aeropuerto JMC,822162.2971920356,No
419.0,Oriente,Medellín,Traslados desde y hacia el Aeropuerto JMC,304978.80737796373,
552.0,Aeropuerto,Portugal,"Visita el Retiro, la Ceja,San antonio de pereira, rionegro",870523.6882632067,Si
27.0,Comuna 13,España,Traslados desde y hacia el Aeropuerto JMC,773963.1942797841,Si
524.0,Oriente,Medellín,Traslados desde y hacia el Aeropuerto JMC,319333.26668155054,
247.0,Guatapé,Medellín,"Visita piedra del peñol,Pueblo de colores,Replica",343636.7218471061,No
624.0,Oriente,Medellín,"Visita puente colgante,Centro historico",334093.76039766765,
456.0,Oriente,Medellín,"Visita puente colgante,Centro historico",201242.91020546414,
757.0,Guatapé,Medellín,Traslados desde y hacia el Aeropuerto JMC,226523.60175332206,
522.0,Comuna 13,España,"Visita grafitour, escaleras electricas",541184.9630771728,Si
554.0,Comuna 13,Medellín,"Visita grafitour, escaleras electricas",762831.9350264844,
805.0,Oriente,Medellín,"Visita puente colgante,Centro historico",590511.6480875688,
,Santa fe de Antioquia,Medellín,"Visita piedra del peñol,Pueblo de colores,Replica",450714.8759149787,No
,Aeropuerto,Medellín,"Visita el Retiro, la Ceja,San antonio de pereira, rionegro",584104.824961049,No
891.0,Guatapé,España,Traslados desde y hacia el Aeropuerto JMC,670795.0178599623,No
657.0,Oriente,España,Traslados desde y hacia el Aeropuerto JMC,334796.1086739041,No
,Santa fe de Antioquia,Medellín,Traslados desde y hacia el Aeropuerto JMC,883418.0784116423,No
,Santa fe de Antioquia,Medellín,"Visita piedra del peñol,Pueblo de colores,Replica",225583.4535388407,Si
598.0,Aeropuerto,Portugal,Traslados desde y hacia el Aeropuerto JMC,885281.9370916333,Si
614.0,Cartagena,Medellín,"Visita piedra del peñol,Pueblo de colores,Replica",470636.10000457766,No
413.0,Comuna 13,Portugal,"Visita piedra del peñol,Pueblo de colores,Replica",151327.914776935,No
71.0,Cartagena,Medellín,"Visita el Retiro, la Ceja,San antonio de pereira, rionegro",568648.7320884666,Si
137.0,Oriente,Medellín,Traslados desde y hacia el Aeropuerto JMC,186560.97145032173,Si
803.0,Comuna 13,España,"Visita puente colgante,Centro historico",824422.7506662086,Si
159.0,Aeropuerto,Medellín,"Visita piedra del peñol,Pueblo de colores,Replica",284606.3372395269,
,Oriente,Medellín,"Visita grafitour, escaleras electricas",343513.40942479623,Si
315.0,Comuna 13,Medellín,"Visita grafitour, escaleras electricas",195879.1114942043,
,Santa fe de Antioquia,Medellín,"Visita el Retiro, la Ceja,San antonio de pereira, rionegro",326119.0908916969,No
781.0,Santa fe de Antioquia,Portugal,"Visita puente colgante,Centro historico",713444.1436746824,No
540.0,Comuna 13,Medellín,Traslados desde y hacia el Aeropuerto JMC,686163.0396514424,
817.0,Aeropuerto,Portugal,"Visita grafitour, escaleras electricas",659359.8203561588,Si
234.0,Santa fe de Antioquia,España,"Visita puente colgante,Centro historico",275812.7252047142,Si
,Aeropuerto,Medellín,"Visita piedra del peñol,Pueblo de colores,Replica",514645.8133863547,Si
,Santa fe de Antioquia,Medellín,Traslados desde y hacia el Aeropuerto JMC,698725.4779527882,Si
343.0,Aeropuerto,Medellín,"Visita puente colgante,Centro historico",388356.61213653616,
981.0,Guatapé,Medellín,"Visita grafitour, escaleras electricas",627921.2028776789,
439.0,Guatapé,Medellín,"Visita puente colgante,Centro historico",332150.57901438535,
290.0,Comuna 13,Medellín,"Visita puente colgante,Centro historico",557847.8855583053,
389.0,Santa fe de Antioquia,Medellín,"Visita grafitour, escaleras electricas",364058.6643932329,
123.0,Aeropuerto,Medellín,Traslados desde y hacia el Aeropuerto JMC,797716.1337792035,No
192.0,Cartagena,Medellín,Traslados desde y hacia el Aeropuerto JMC,771264.085152113,Si
87.0,Guatapé,Medellín,"Visita el Retiro, la Ceja,San antonio de pereira, rionegro",506680.30518204736,
,Aeropuerto,Medellín,"Visita grafitour, escaleras electricas",604736.3312522874,Si
357.0,Guatapé,Medellín,Traslados desde y hacia el Aeropuerto JMC,175262.65381187655,
583.0,Oriente,Medellín,"Visita piedra del peñol,Pueblo de colores,Replica",847061.3853618804,
991.0,Perú,Medellín,Traslados desde y hacia el Aeropuerto JMC,193095.6141333768,Si
,Aeropuerto,Medellín,"Visita puente colgante,Centro historico",455860.17723489384,No
,Comuna 13,Medellín,Traslados desde y hacia el Aeropuerto JMC,751053.9104899854,No
852.0,Oriente,Portugal,"Visita piedra del peñol,Pueblo de colores,Replica",815958.9517858208,No
217.0,Comuna 13,Portugal,"Visita puente colgante,Centro historico",438440.93807421654,Si
394.0,Comuna 13,Medellín,"Visita piedra del peñol,Pueblo de colores,Replica",338197.6937005826,
475.0,Santa fe de Antioquia,Medellín,"Visita piedra del peñol,Pueblo de colores,Replica",260601.65192734706,
62.0,Aeropuerto,Medellín,Traslados desde y hacia el Aeropuerto JMC,256924.20913218672,Si
394.0,Aeropuerto,Medellín,"Visita piedra del peñol,Pueblo de colores,Replica",800096.9346250459,Si
595.0,Guatapé,Medellín,Traslados desde y hacia el Aeropuerto JMC,658256.5845124795,
933.0,Oriente,Medellín,"Visita grafitour, escaleras electricas",346674.0764202217,
430.0,Aeropuerto,Medellín,"Visita el Retiro, la Ceja,San antonio de pereira, rionegro",315990.57951502956,
340.0,Cartagena,Medellín,Traslados desde y hacia el Aeropuerto JMC,724017.5180435593,Si
,Santa fe de Antioquia,Medellín,"Visita grafitour, escaleras electricas",852202.0215280205,Si
,Oriente,Medellín,"Visita piedra del peñol,Pueblo de colores,Replica",366190.36202113377,Si
14.0,Oriente,Medellín,Traslados desde y hacia el Aeropuerto JMC,834823.0590646605,
305.0,Cartagena,Medellín,Traslados desde y hacia el Aeropuerto JMC,622107.628660123,No
,Santa fe de Antioquia,Medellín,"Visita el Retiro, la Ceja,San antonio de pereira, rionegro",426072.5967421611,No
646.0,Perú,Medellín,"Visita puente colgante,Centro historico",691858.0552287766,No
220.0,Oriente,Medellín,"Visita piedra del peñol,Pueblo de colores,Replica",500268.58320026775,
44.0,Aeropuerto,Medellín,"Visita grafitour, escaleras electricas",837214.4073089208,
874.0,Oriente,Medellín,"Visita grafitour, escaleras electricas",583928.2486816924,
784.0,Oriente,Medellín,"Visita puente colgante,Centro historico",157722.40873877887,
641.0,Cartagena,Medellín,"Visita grafitour, escaleras electricas",410856.5471387921,No
39.0,Santa fe de Antioquia,Medellín,Traslados desde y hacia el Aeropuerto JMC,637141.8199309364,
266.0,Oriente,Medellín,"Visita piedra del peñol,Pueblo de colores,Replica",415033.2669619489,
215.0,Aeropuerto,Medellín,"Visita piedra del peñol,Pueblo de colores,Replica",262682.04450563726,Si
993.0,Comuna 13,Medellín,"Visita puente colgante,Centro historico",197098.28574334868,No
,Oriente,Medellín,Traslados desde y hacia el Aeropuerto JMC,898167.0505369127,No
,Guatapé,Medellín,"Visita piedra del peñol,Pueblo de colores,Replica",258089.20871582627,No
148.0,Aeropuerto,Medellín,"Visita el Retiro, la Ceja,San antonio de pereira, rionegro",439502.0491780934,No
917.0,Perú,Medellín,"Visita piedra del peñol,Pueblo de colores,Replica",369603.17850447376,No
896.0,Aeropuerto,Medellín,"Visita puente colgante,Centro historico",568435.3642270726,
909.0,Perú,Medellín,Traslados desde y hacia el Aeropuerto JMC,762350.1245105073,Si
,Aeropuerto,Medellín,"Visita el Retiro, la Ceja,San antonio de pereira, rionegro",484446.4621329108,No
,Santa fe de Antioquia,Medellín,Traslados desde y hacia el Aeropuerto JMC,526730.0000235152,Si
171.0,Guatapé,Medellín,"Visita grafitour, escaleras electricas",634713.4542274731,
89.0,Santa fe de Antioquia,España,"Visita el Retiro, la Ceja,San antonio de pereira, rionegro",866925.1525411177,Si
79.0,Santa fe de Antioquia,Medellín,"Visita grafitour, escaleras electricas",649072.1987279875,
463.0,Guatapé,Medellín,"Visita piedra del peñol,Pueblo de colores,Replica",819482.0225759773,
955.0,Guatapé,Medellín,"Visita grafitour, escaleras electricas",380352.65884229075,
468.0,Cartagena,Medellín,"Visita puente colgante,Centro historico",834371.4708239275,No
564.0,Perú,Medellín,"Visita el Retiro, la Ceja,San antonio de pereira, rionegro",690955.4941049009,Si
183.0,Oriente,Portugal,"Visita grafitour, escaleras electricas",851421.8425083688,Si
360.0,Aeropuerto,Medellín,"Visita grafitour, escaleras electricas",874605.9008019504,
664.0,Perú,Medellín,Traslados desde y hacia el Aeropuerto JMC,397453.7535261016,Si
,Aeropuerto,Medellín,"Visita piedra del peñol,Pueblo de colores,Replica",882099.0826931593,No
544.0,Oriente,Portugal,"Visita puente colgante,Centro historico",523574.69841898716,Si
683.0,Comuna 13,Medellín,Traslados desde y hacia el Aeropuerto JMC,898039.5013469328,Si
509.0,Aeropuerto,Medellín,"Visita el Retiro, la Ceja,San antonio de pereira, rionegro",754619.2980858407,
213.0,Guatapé,Medellín,"Visita piedra del peñol,Pueblo de colores,Replica",774871.2940314641,
20.0,Santa fe de Antioquia,Medellín,"Visita grafitour, escaleras electricas",759158.5337487308,
,Guatapé,Medellín,"Visita piedra del peñol,Pueblo de colores,Replica",858975.4570370896,Si
980.0,Comuna 13,Portugal,"Visita piedra del peñol,Pueblo de colores,Replica",714996.9270903865,Si
17.0,Perú,Medellín,"Visita puente colgante,Centro historico",526650.2110580483,No
,Comuna 13,Medellín,"Visita piedra del peñol,Pueblo de colores,Replica",629547.2040091667,No
714.0,Cartagena,Medellín,"Visita grafitour, escaleras electricas",572557.3809251459,Si
,Oriente,Medellín,Traslados desde y hacia el Aeropuerto JMC,316522.15816177975,Si
,Santa fe de Antioquia,Medellín,"Visita piedra del peñol,Pueblo de colores,Replica",747005.0132617819,No
909.0,Comuna 13,España,"Visita el Retiro, la Ceja,San antonio de pereira, rionegro",559840.8305103001,No
293.0,Oriente,Medellín,"Visita el Retiro, la Ceja,San antonio de pereira, rionegro",576933.9829049376,
218.0,Perú,Medellín,"Visita puente colgante,Centro historico",400013.0640767684,Si
400.0,Perú,Medellín,Traslados desde y hacia el Aeropuerto JMC,312781.1244694239,Si
,Oriente,Medellín,Traslados desde y hacia el Aeropuerto JMC,496358.7776525214,Si
781.0,Aeropuerto,Medellín,"Visita el Retiro, la Ceja,San antonio de pereira, rionegro",354609.55957370007,
,Guatapé,Medellín,"Visita el Retiro, la Ceja,San antonio de pereira, rionegro",751486.9662849444,Si
336.0,Guatapé,Medellín,"Visita puente colgante,Centro historico",455479.35350320593,
305.0,Perú,Medellín,Traslados desde y hacia el Aeropuerto JMC,599383.1626058887,Si
668.0,Aeropuerto,Portugal,"Visita puente colgante,Centro historico",638407.800154152,No
246.0,Santa fe de Antioquia,Medellín,"Visita el Retiro, la Ceja,San antonio de pereira, rionegro",437407.62968210457,
366.0,Cartagena,Medellín,"Visita puente colgante,Centro historico",831208.0843760818,No
928.0,Santa fe de Antioquia,Medellín,"Visita grafitour, escaleras electricas",719748.9986691219,Si
376.0,Comuna 13,Medellín,"Visita el Retiro, la Ceja,San antonio de pereira, rionegro",679417.5211462217,Si
955.0,Comuna 13,España,"Visita piedra del peñol,Pueblo de colores,Replica",671503.1422389165,No
,Santa fe de Antioquia,Medellín,"Visita piedra del peñol,Pueblo de colores,Replica",876461.5277070324,Si
891.0,Oriente,Medellín,"Visita grafitour, escaleras electricas",344709.69963705144,
234.0,Cartagena,Medellín,"Visita el Retiro, la Ceja,San antonio de pereira, rionegro",804802.5550348964,No
641.0,Guatapé,Medellín,"Visita puente colgante,Centro historico",272521.3180771995,No
327.0,Cartagena,Medellín,"Visita el Retiro, la Ceja,San antonio de pereira, rionegro",486075.47954810096,Si
346.0,Aeropuerto,Medellín,"Visita piedra del peñol,Pueblo de colores,Replica",358905.2411735904,
482.0,Aeropuerto,Medellín,"Visita grafitour, escaleras electricas",572906.5688827087,
252.0,Santa fe de Antioquia,Medellín,"Visita puente colgante,Centro historico",495868.69800192135,
438.0,Perú,Medellín,"Visita el Retiro, la Ceja,San antonio de pereira, rionegro",758103.7403941164,No
42.0,Cartagena,Medellín,"Visita piedra del peñol,Pueblo de colores,Replica",206343.03853952646,No
,Guatapé,Medellín,Traslados desde y hacia el Aeropuerto JMC,686861.2716963056,No
,Aeropuerto,Medellín,Traslados desde y hacia el Aeropuerto JMC,238510.07966269052,Si
904.0,Cartagena,Medellín,"Visita piedra del peñol,Pueblo de colores,Replica",667418.0486285228,Si
895.0,Comuna 13,Medellín,Traslados desde y hacia el Aeropuerto JMC,885124.6968269465,
,Aeropuerto,Medellín,"Visita el Retiro, la Ceja,San antonio de pereira, rionegro",308744.9251158989,No
551.0,Comuna 13,Medellín,"Visita el Retiro, la Ceja,San antonio de pereira, rionegro",484989.9026694129,
858.0,Cartagena,Medellín,"Visita puente colgante,Centro historico",210917.48428936902,Si
841.0,Santa fe de Antioquia,Medellín,"Visita puente colgante,Centro historico",193063.5310580418,
609.0,Oriente,Medellín,Traslados desde y hacia el Aeropuerto JMC,855278.1893765464,
755.0,Perú,Medellín,"Visita puente colgante,Centro historico",752026.2352093102,Si
377.0,Aeropuerto,Medellín,"Visita piedra del peñol,Pueblo de colores,Replica",616769.8672697947,
,Oriente,Medellín,"Visita puente colgante,Centro historico",870226.5198563014,Si
918.0,Santa fe de Antioquia,Medellín,"Visita grafitour, escaleras electricas",647488.8313449265,
156.0,Perú,Medellín,"Visita piedra del peñol,Pueblo de colores,Replica",203886.04838467936,Si
93.0,Aeropuerto,Medellín,"Visita piedra del peñol,Pueblo de colores,Replica",229464.82655698108,
321.0,Aeropuerto,Medellín,"Visita puente colgante,Centro historico",371856.3963783077,
602.0,Perú,Medellín,"Visita grafitour, escaleras electricas",547830.9162831736,No
62.0,Santa fe de Antioquia,Medellín,"Visita grafitour, escaleras electricas",351680.68304295884,No
,Comuna 13,Medellín,"Visita piedra del peñol,Pueblo de colores,Replica",227608.75651620707,Si
899.0,Comuna 13,Medellín,"Visita el Retiro, la Ceja,San antonio de pereira, rionegro",479181.75450822903,
83.0,Aeropuerto,Medellín,"Visita piedra del peñol,Pueblo de colores,Replica",756717.0334604913,No
579.0,Aeropuerto,España,"Visita puente colgante,Centro historico",505524.1441219925,Si
471.0,Guatapé,Medellín,"Visita puente colgante,Centro historico",684998.2594878225,
956.0,Cartagena,Medellín,"Visita grafitour, escaleras electricas",509409.58993894415,No
86.0,Santa fe de Antioquia,Portugal,"Visita el Retiro, la Ceja,San antonio de pereira, rionegro",380457.79429935594,No
661.0,Aeropuerto,Medellín,Traslados desde y hacia el Aeropuerto JMC,482454.5259622756,
89.0,Guatapé,Portugal,Traslados desde y hacia el Aeropuerto JMC,876883.7896646804,Si
284.0,Oriente,Medellín,"Visita piedra del peñol,Pueblo de colores,Replica",859503.3484839164,
367.0,Aeropuerto,Medellín,Traslados desde y hacia el Aeropuerto JMC,777213.8255256745,
,Comuna 13,Medellín,"Visita grafitour, escaleras electricas",338232.47741804534,Si
160.0,Santa fe de Antioquia,Medellín,"Visita puente colgante,Centro historico",458375.8682753014,
494.0,Guatapé,Medellín,"Visita el Retiro, la Ceja,San antonio de pereira, rionegro",712236.7066576172,
338.0,Cartagena,Medellín,Traslados desde y hacia el Aeropuerto JMC,735912.5319638895,Si
,Comuna 13,Medellín,"Visita piedra del peñol,Pueblo de colores,Replica",224327.82430173305,Si
509.0,Santa fe de Antioquia,Medellín,"Visita piedra del peñol,Pueblo de colores,Replica",265280.25453985843,
489.0,Cartagena,Medellín,"Visita piedra del peñol,Pueblo de colores,Replica",400589.15901071357,Si
52.0,Cartagena,Medellín,"Visita puente colgante,Centro historico",385816.74680325435,No
507.0,Perú,Medellín,"Visita puente colgante,Centro historico",634213.6894145915,No
,Santa fe de Antioquia,Medellín,Traslados desde y hacia el Aeropuerto JMC,411703.3052786767,Si
280.0,Santa fe de Antioquia,Portugal,"Visita piedra del peñol,Pueblo de colores,Replica",447256.3379051267,No
647.0,Perú,Medellín,"Visita el Retiro, la Ceja,San antonio de pereira, rionegro",359125.6350242956,Si
,Aeropuerto,Medellín,"Visita el Retiro, la Ceja,San antonio de pereira, rionegro",358426.20102395123,Si
,Guatapé,Medellín,"Visita el Retiro, la Ceja,San antonio de pereira, rionegro",386047.0760084429,Si
944.0,Cartagena,Medellín,"Visita el Retiro, la Ceja,San antonio de pereira, rionegro",152685.6369017452,Si
,Aeropuerto,Medellín,"Visita grafitour, escaleras electricas",408052.85383215104,Si
821.0,Perú,Medellín,"Visita el Retiro, la Ceja,San antonio de pereira, rionegro",622714.4037253355,No
432.0,Cartagena,Medellín,"Visita puente colgante,Centro historico",328178.8722857244,No
,Guatapé,Medellín,"Visita grafitour, escaleras electricas",796220.1727502616,Si
236.0,Cartagena,Medellín,Traslados desde y hacia el Aeropuerto JMC,597408.2755699848,Si
475.0,Cartagena,Medellín,"Visita el Retiro, la Ceja,San antonio de pereira, rionegro",433134.6863214951,No
823.0,Aeropuerto,Portugal,"Visita piedra del peñol,Pueblo de colores,Replica",658611.4616233319,Si
990.0,Cartagena,Medellín,"Visita piedra del peñol,Pueblo de colores,Replica",788583.0910408322,No
52.0,Comuna 13,Medellín,"Visita puente colgante,Centro historico",617185.5413732401,
247.0,Comuna 13,Medellín,"Visita piedra del peñol,Pueblo de colores,Replica",723639.7706342669,
281.0,Comuna 13,Portugal,"Visita grafitour, escaleras electricas",679523.5968606592,No
963.0,Perú,Medellín,"Visita grafitour, escaleras electricas",695072.1391340708,No
,Comuna 13,Medellín,"Visita el Retiro, la Ceja,San antonio de pereira, rionegro",788374.4725883602,No
1.0,Cartagena,Medellín,"Visita piedra del peñol,Pueblo de colores,Replica",391433.8967983057,No
,Oriente,Medellín,"Visita grafitour, escaleras electricas",470058.99099347735,Si
368.0,Perú,Medellín,"Visita piedra del peñol,Pueblo de colores,Replica",859665.9745239833,No
362.0,Guatapé,Medellín,"Visita grafitour, escaleras electricas",208225.25018358527,
133.0,Comuna 13,Portugal,Traslados desde y hacia el Aeropuerto JMC,656877.0870678495,No
,Comuna 13,Medellín,"Visita puente colgante,Centro historico",514924.53340774134,No
682.0,Oriente,Medellín,"Visita el Retiro, la Ceja,San antonio de pereira, rionegro",883459.8929915687,
555.0,Cartagena,Medellín,Traslados desde y hacia el Aeropuerto JMC,774777.6981329801,Si
989.0,Santa fe de Antioquia,Medellín,"Visita piedra del peñol,Pueblo de colores,Replica",397309.4901236924,
78.0,Aeropuerto,Medellín,"Visita piedra del peñol,Pueblo de colores,Replica",894576.755544968,
774.0,Aeropuerto,Medellín,"Visita puente colgante,Centro historico",485664.9809058345,
,Comuna 13,Medellín,"Visita el Retiro, la Ceja,San antonio de pereira, rionegro",862338.9586917488,Si
871.0,Santa fe de Antioquia,Medellín,"Visita grafitour, escaleras electricas",796165.5182467467,
334.0,Aeropuerto,Medellín,Traslados desde y hacia el Aeropuerto JMC,544364.5822005388,
91.0,Guatapé,Portugal,"Visita grafitour, escaleras electricas",169301.39580634004,No
245.0,Santa fe de Antioquia,Medellín,"Visita grafitour, escaleras electricas",233065.5499851118,
370.0,Perú,Medellín,Traslados desde y hacia el Aeropuerto JMC,607975.1251370258,Si
,Aeropuerto,Medellín,"Visita el Retiro, la Ceja,San antonio de pereira, rionegro",611902.281710141,No
68.0,Aeropuerto,Medellín,"Visita el Retiro, la Ceja,San antonio de pereira, rionegro",637861.5358816797,
783.0,Guatapé,Medellín,"Visita grafitour, escaleras electricas",363253.83401906607,
239.0,Oriente,Medellín,"Visita grafitour, escaleras electricas",469677.6112334174,
652.0,Comuna 13,Medellín,"Visita el Retiro, la Ceja,San antonio de pereira, rionegro",811420.7852107721,
566.0,Guatapé,Portugal,"Visita puente colgante,Centro historico",470121.73238824314,Si
253.0,Perú,Medellín,"Visita el Retiro, la Ceja,San antonio de pereira, rionegro",890547.0474732302,No
124.0,Guatapé,Medellín,"Visita el Retiro, la Ceja,San antonio de pereira, rionegro",225309.43554328207,
,Guatapé,Medellín,"Visita puente colgante,Centro historico",851096.5639479401,No
665.0,Aeropuerto,Medellín,"Visita piedra del peñol,Pueblo de colores,Replica",854126.7883280726,
,Santa fe de Antioquia,Medellín,"Visita grafitour, escaleras electricas",480527.00859983085,Si
,Comuna 13,Medellín,"Visita piedra del peñol,Pueblo de colores,Replica",182923.3368577294,No
909.0,Oriente,Medellín,"Visita grafitour, escaleras electricas",485110.8384853001,
287.0,Santa fe de Antioquia,Medellín,"Visita el Retiro, la Ceja,San antonio de pereira, rionegro",383020.035016011,No
,Guatapé,Medellín,"Visita puente colgante,Centro historico",824298.4063752377,No
858.0,Oriente,Medellín,"Visita grafitour, escaleras electricas",159295.21681515468,
254.0,Santa fe de Antioquia,Medellín,"Visita puente colgante,Centro historico",859533.8219301755,No
100.0,Perú,Medellín,"Visita puente colgante,Centro historico",198139.04924392494,Si
424.0,Cartagena,Medellín,"Visita grafitour, escaleras electricas",809716.5720887398,No
492.0,Cartagena,Medellín,"Visita el Retiro, la Ceja,San antonio de pereira, rionegro",785394.8363576292,Si
527.0,Oriente,Medellín,"Visita puente colgante,Centro historico",307476.5466290107,
29.0,Guatapé,Medellín,"Visita grafitour, escaleras electricas",690768.1906417048,
,Comuna 13,Medellín,"Visita grafitour, escaleras electricas",232753.4505126559,No
,Guatapé,Medellín,Traslados desde y hacia el Aeropuerto JMC,451742.0104483722,Si
588.0,Oriente,Medellín,"Visita puente colgante,Centro historico",766619.6758206657,Si
696.0,Guatapé,Medellín,Traslados desde y hacia el Aeropuerto JMC,272712.451088291,No
156.0,Perú,Medellín,"Visita el Retiro, la Ceja,San antonio de pereira, rionegro",878915.3424062257,Si
,Guatapé,Medellín,"Visita puente colgante,Centro historico",579772.2924160284,No
,Oriente,Medellín,"Visita grafitour, escaleras electricas",413673.5152574857,No
963.0,Comuna 13,Medellín,"Visita piedra del peñol,Pueblo de colores,Replica",664127.9626236898,
258.0,Perú,Medellín,"Visita el Retiro, la Ceja,San antonio de pereira, rionegro",426982.1027205767,Si
761.0,Aeropuerto,Medellín,"Visita el Retiro, la Ceja,San antonio de pereira, rionegro",546440.7799721102,
,Aeropuerto,Medellín,"Visita el Retiro, la Ceja,San antonio de pereira, rionegro",309609.37177988037,No
394.0,Cartagena,Medellín,Traslados desde y hacia el Aeropuerto JMC,625868.6086987918,No
441.0,Santa fe de Antioquia,Medellín,"Visita piedra del peñol,Pueblo de colores,Replica",343028.6279317882,
504.0,Perú,Medellín,"Visita grafitour, escaleras electricas",190684.80426004168,No
161.0,Oriente,Medellín,"Visita grafitour, escaleras electricas",152065.27906762363,Si
986.0,Oriente,España,"Visita grafitour, escaleras electricas",392028.6292341031,No
801.0,Guatapé,Medellín,"Visita puente colgante,Centro historico",489239.056096472,
,Comuna 13,Medellín,"Visita el Retiro, la Ceja,San antonio de pereira, rionegro",674677.1882901908,No
979.0,Oriente,España,"Visita el Retiro, la Ceja,San antonio de pereira, rionegro",700550.6538390424,Si
458.0,Comuna 13,Medellín,"Visita puente colgante,Centro historico",841505.0520384896,
962.0,Oriente,Medellín,"Visita el Retiro, la Ceja,San antonio de pereira, rionegro",595380.6401740971,
731.0,Perú,Medellín,Traslados desde y hacia el Aeropuerto JMC,507020.54409519443,Si
,Aeropuerto,Medellín,Traslados desde y hacia el Aeropuerto JMC,602290.5902560335,No
,Comuna 13,Medellín,"Visita piedra del peñol,Pueblo de colores,Replica",730441.2252299171,No
,Guatapé,Medellín,"Visita piedra del peñol,Pueblo de colores,Replica",839418.1614493466,No
150.0,Santa fe de Antioquia,Medellín,"Visita piedra del peñol,Pueblo de colores,Replica",383854.89428778336,
635.0,Oriente,Medellín,"Visita grafitour, escaleras electricas",879623.7058715177,
,Comuna 13,Medellín,"Visita puente colgante,Centro historico",523023.9557148008,Si
193.0,Perú,Medellín,"Visita puente colgante,Centro historico",166707.79220887047,Si
955.0,Santa fe de Antioquia,Medellín,"Visita puente colgante,Centro historico",777643.7948102662,
727.0,Cartagena,Medellín,"Visita puente colgante,Centro historico",880041.1332924726,No
690.0,Comuna 13,España,Traslados desde y hacia el Aeropuerto JMC,319672.3640740553,Si
139.0,Oriente,Medellín,Traslados desde y hacia el Aeropuerto JMC,743234.832791969,
187.0,Guatapé,Medellín,"Visita el Retiro, la Ceja,San antonio de pereira, rionegro",214901.7444429621,
625.0,Comuna 13,Medellín,"Visita grafitour, escaleras electricas",218321.1748584547,
128.0,Aeropuerto,Medellín,"Visita puente colgante,Centro historico",412173.4607728398,
259.0,Santa fe de Antioquia,Medellín,"Visita piedra del peñol,Pueblo de colores,Replica",247686.6824172484,
98.0,Oriente,Medellín,"Visita puente colgante,Centro historico",497717.382563966,Si
,Comuna 13,Medellín,Traslados desde y hacia el Aeropuerto JMC,263278.5444372343,Si
840.0,Comuna 13,Medellín,"Visita grafitour, escaleras electricas",532393.2215470303,
608.0,Cartagena,Medellín,"Visita el Retiro, la Ceja,San antonio de pereira, rionegro",642354.8905642587,No
822.0,Perú,Medellín,"Visita el Retiro, la Ceja,San antonio de pereira, rionegro",492167.8701054735,No
422.0,Oriente,Medellín,"Visita puente colgante,Centro historico",644999.6478116142,
,Oriente,Medellín,"Visita el Retiro, la Ceja,San antonio de pereira, rionegro",822292.2480180007,No
602.0,Santa fe de Antioquia,Medellín,"Visita piedra del peñol,Pueblo de colores,Replica",481106.2780844206,
,Comuna 13,Medellín,"Visita puente colgante,Centro historico",768083.4903338884,Si
712.0,Oriente,Medellín,"Visita el Retiro, la Ceja,San antonio de pereira, rionegro",392526.7608867411,
976.0,Oriente,Medellín,"Visita grafitour, escaleras electricas",479569.6653863831,
901.0,Guatapé,Medellín,"Visita el Retiro, la Ceja,San antonio de pereira, rionegro",869266.87138238,
921.0,Santa fe de Antioquia,Medellín,Traslados desde y hacia el Aeropuerto JMC,782375.0248154119,
730.0,Santa fe de Antioquia,Medellín,Traslados desde y hacia el Aeropuerto JMC,723510.1068239816,Si
554.0,Aeropuerto,Medellín,"Visita grafitour, escaleras electricas",520929.5998028616,
232.0,Guatapé,Medellín,"Visita grafitour, escaleras electricas",226938.29542025283,Si
930.0,Aeropuerto,Medellín,"Visita piedra del peñol,Pueblo de colores,Replica",886699.7966305166,
900.0,Santa fe de Antioquia,Portugal,Traslados desde y hacia el Aeropuerto JMC,620535.4992606277,No
596.0,Santa fe de Antioquia,Portugal,"Visita el Retiro, la Ceja,San antonio de pereira, rionegro",502187.5898699584,No
382.0,Perú,Medellín,"Visita puente colgante,Centro historico",408048.64641977614,Si
,Guatapé,Medellín,"Visita grafitour, escaleras electricas",335203.7117225051,No
654.0,Guatapé,España,"Visita el Retiro, la Ceja,San antonio de pereira, rionegro",838109.5784834666,Si
713.0,Guatapé,Medellín,"Visita el Retiro, la Ceja,San antonio de pereira, rionegro",669485.8778084626,No
,Comuna 13,Medellín,"Visita el Retiro, la Ceja,San antonio de pereira, rionegro",897334.0606282664,Si
424.0,Perú,Medellín,"Visita puente colgante,Centro historico",183851.54492168693,Si
280.0,Oriente,Medellín,"Visita piedra del peñol,Pueblo de colores,Replica",703357.1599300103,
317.0,Cartagena,Medellín,"Visita puente colgante,Centro historico",242292.3010319774,No
,Guatapé,Medellín,Traslados desde y hacia el Aeropuerto JMC,218874.07314169846,No
910.0,Perú,Medellín,"Visita grafitour, escaleras electricas",870734.8585441817,No
890.0,Guatapé,Medellín,"Visita grafitour, escaleras electricas",856289.5009560251,Si
484.0,Perú,Medellín,"Visita el Retiro, la Ceja,San antonio de pereira, rionegro",262022.27411905286,Si
591.0,Santa fe de Antioquia,Medellín,"Visita puente colgante,Centro historico",555613.7497419645,Si
719.0,Santa fe de Antioquia,Medellín,"Visita piedra del peñol,Pueblo de colores,Replica",648111.978789448,
372.0,Santa fe de Antioquia,Medellín,"Visita el Retiro, la Ceja,San antonio de pereira, rionegro",241960.03608260618,
209.0,Santa fe de Antioquia,Medellín,"Visita piedra del peñol,Pueblo de colores,Replica",758168.845391837,
,Aeropuerto,Medellín,"Visita grafitour, escaleras electricas",461550.43980403786,No
956.0,Oriente,Medellín,"Visita grafitour, escaleras electricas",681330.5420170603,
683.0,Oriente,Medellín,"Visita puente colgante,Centro historico",819034.7865359423,Si
734.0,Aeropuerto,Portugal,"Visita piedra del peñol,Pueblo de colores,Replica",781658.7051537392,Si
646.0,Comuna 13,Medellín,"Visita grafitour, escaleras electricas",290333.0276309657,
111.0,Cartagena,Medellín,"Visita grafitour, escaleras electricas",486964.0057991356,Si
,Comuna 13,Medellín,"Visita puente colgante,Centro historico",519453.9090975277,No
128.0,Aeropuerto,Portugal,"Visita grafitour, escaleras electricas",629856.5667604231,Si
114.0,Comuna 13,Medellín,Traslados desde y hacia el Aeropuerto JMC,575937.3044351938,
927.0,Santa fe de Antioquia,Medellín,"Visita grafitour, escaleras electricas",394010.3376644063,
,Guatapé,Medellín,"Visita puente colgante,Centro historico",417990.9865095947,No
622.0,Oriente,Portugal,Traslados desde y hacia el Aeropuerto JMC,626419.9948405423,Si
698.0,Guatapé,Medellín,"Visita el Retiro, la Ceja,San antonio de pereira, rionegro",254191.99042266922,Si
86.0,Guatapé,Medellín,"Visita grafitour, escaleras electricas",800695.5895155481,
,Comuna 13,Medellín,Traslados desde y hacia el Aeropuerto JMC,400911.3855116805,No
920.0,Comuna 13,Medellín,"Visita grafitour, escaleras electricas",174244.01429841993,
,Santa fe de Antioquia,Medellín,"Visita piedra del peñol,Pueblo de colores,Replica",804680.0976523918,Si
192.0,Comuna 13,España,Traslados desde y hacia el Aeropuerto JMC,886882.0975428638,No
620.0,Santa fe de Antioquia,España,"Visita puente colgante,Centro historico",883296.8982805406,Si
595.0,Aeropuerto,Medellín,Traslados desde y hacia el Aeropuerto JMC,550941.1856504962,
981.0,Oriente,Medellín,"Visita el Retiro, la Ceja,San antonio de pereira, rionegro",857981.9049586662,
982.0,Comuna 13,Medellín,"Visita puente colgante,Centro historico",804626.697783478,
558.0,Guatapé,Medellín,"Visita el Retiro, la Ceja,San antonio de pereira, rionegro",253390.19333809157,
638.0,Guatapé,Medellín,"Visita grafitour, escaleras electricas",770213.5677247698,
,Comuna 13,Medellín,Traslados desde y hacia el Aeropuerto JMC,546199.2210399476,Si
789.0,Oriente,Medellín,"Visita el Retiro, la Ceja,San antonio de pereira, rionegro",415663.52131189854,
350.0,Aeropuerto,Medellín,"Visita el Retiro, la Ceja,San antonio de pereira, rionegro",615812.2006315038,
143.0,Aeropuerto,Medellín,"Visita puente colgante,Centro historico",692432.1442443986,
639.0,Cartagena,Medellín,"Visita puente colgante,Centro historico",572999.514490655,Si
86.0,Oriente,Medellín,"Visita el Retiro, la Ceja,San antonio de pereira, rionegro",718823.46506381,Si
614.0,Cartagena,Medellín,"Visita piedra del peñol,Pueblo de colores,Replica",746862.2361427575,No
263.0,Oriente,Medellín,"Visita puente colgante,Centro historico",853267.014213135,
572.0,Guatapé,Medellín,"Visita grafitour, escaleras electricas",612670.90893448,
278.0,Guatapé,Medellín,Traslados desde y hacia el Aeropuerto JMC,726530.428782924,No
230.0,Perú,Medellín,"Visita el Retiro, la Ceja,San antonio de pereira, rionegro",802452.1967436475,No
374.0,Oriente,Medellín,"Visita el Retiro, la Ceja,San antonio de pereira, rionegro",874773.7856609252,
553.0,Oriente,Medellín,Traslados desde y hacia el Aeropuerto JMC,748472.4063579593,
311.0,Guatapé,Medellín,"Visita grafitour, escaleras electricas",857509.4137976451,
219.0,Santa fe de Antioquia,Medellín,Traslados desde y hacia el Aeropuerto JMC,313162.0877529961,
716.0,Aeropuerto,Medellín,"Visita el Retiro, la Ceja,San antonio de pereira, rionegro",804845.9305168053,
244.0,Cartagena,Medellín,"Visita el Retiro, la Ceja,San antonio de pereira, rionegro",893408.5519306418,Si
262.0,Oriente,Medellín,"Visita grafitour, escaleras electricas",534663.5525758954,
209.0,Perú,Medellín,Traslados desde y hacia el Aeropuerto JMC,580049.0340039169,No
530.0,Aeropuerto,Medellín,"Visita puente colgante,Centro historico",228355.97137545462,
49.0,Comuna 13,Medellín,"Visita puente colgante,Centro historico",859016.8913366311,
996.0,Comuna 13,Medellín,"Visita el Retiro, la Ceja,San antonio de pereira, rionegro",768645.5864115392,Si
166.0,Perú,Medellín,"Visita piedra del peñol,Pueblo de colores,Replica",502462.2118777566,Si
236.0,Oriente,Medellín,"Visita el Retiro, la Ceja,San antonio de pereira, rionegro",279539.77082640695,Si
491.0,Perú,Medellín,Traslados desde y hacia el Aeropuerto JMC,339687.218702344,Si
184.0,Aeropuerto,España,"Visita puente colgante,Centro historico",205019.528147716,Si
879.0,Guatapé,Medellín,"Visita el Retiro, la Ceja,San antonio de pereira, rionegro",893318.3117594628,
721.0,Cartagena,Medellín,"Visita piedra del peñol,Pueblo de colores,Replica",754211.0746597495,No
66.0,Cartagena,Medellín,"Visita piedra del peñol,Pueblo de colores,Replica",800269.6983162347,Si
545.0,Comuna 13,Portugal,"Visita el Retiro, la Ceja,San antonio de pereira, rionegro",703528.2757652982,Si
747.0,Cartagena,Medellín,Traslados desde y hacia el Aeropuerto JMC,494454.9119991612,No
789.0,Santa fe de Antioquia,Medellín,"Visita grafitour, escaleras electricas",707822.1070185095,
301.0,Oriente,Medellín,Traslados desde y hacia el Aeropuerto JMC,236020.01898047386,
814.0,Santa fe de Antioquia,Portugal,"Visita puente colgante,Centro historico",154063.53540610007,No
738.0,Oriente,Medellín,"Visita el Retiro, la Ceja,San antonio de pereira, rionegro",617491.0161143453,
274.0,Aeropuerto,Medellín,"Visita puente colgante,Centro historico",710216.847786874,
295.0,Santa fe de Antioquia,Medellín,"Visita grafitour, escaleras electricas",362254.86211925827,
,Aeropuerto,Medellín,"Visita piedra del peñol,Pueblo de colores,Replica",161849.33188319165,No
674.0,Santa fe de Antioquia,Portugal,"Visita el Retiro, la Ceja,San antonio de pereira, rionegro",619306.2870726492,Si
739.0,Santa fe de Antioquia,Medellín,"Visita el Retiro, la Ceja,San antonio de pereira, rionegro",576362.8322426795,
85.0,Comuna 13,Medellín,Traslados desde y hacia el Aeropuerto JMC,393579.01836581563,No
417.0,Cartagena,Medellín,Traslados desde y hacia el Aeropuerto JMC,449209.5390362579,No
,Guatapé,Medellín,Traslados desde y hacia el Aeropuerto JMC,284378.53093525104,No
49.0,Santa fe de Antioquia,Medellín,"Visita puente colgante,Centro historico",520040.19218850037,
911.0,Comuna 13,Portugal,"Visita grafitour, escaleras electricas",732697.0984860413,No
263.0,Cartagena,Medellín,"Visita puente colgante,Centro historico",834580.4242657049,No
708.0,Guatapé,Medellín,"Visita grafitour, escaleras electricas",890057.0860923567,
200.0,Perú,Medellín,"Visita puente colgante,Centro historico",333406.73862428346,Si
292.0,Santa fe de Antioquia,Medellín,"Visita piedra del peñol,Pueblo de colores,Replica",605807.086217605,
939.0,Santa fe de Antioquia,Medellín,"Visita el Retiro, la Ceja,San antonio de pereira, rionegro",566354.3467298874,
,Aeropuerto,Medellín,"Visita el Retiro, la Ceja,San antonio de pereira, rionegro",348946.5998107097,Si
63.0,Cartagena,Medellín,"Visita grafitour, escaleras electricas",886571.315032187,Si
,Comuna 13,Medellín,Traslados desde y hacia el Aeropuerto JMC,512905.7092512185,No
603.0,Perú,Medellín,"Visita grafitour, escaleras electricas",238919.11119293328,Si
978.0,Oriente,Medellín,"Visita el Retiro, la Ceja,San antonio de pereira, rionegro",518438.9412152805,
733.0,Aeropuerto,Medellín,"Visita piedra del peñol,Pueblo de colores,Replica",428592.18525622215,
121.0,Cartagena,Medellín,"Visita piedra del peñol,Pueblo de colores,Replica",865903.5066755791,Si
978.0,Cartagena,Medellín,Traslados desde y hacia el Aeropuerto JMC,864534.6356073177,No
,Aeropuerto,Medellín,"Visita puente colgante,Centro historico",743023.5341763636,No
77.0,Comuna 13,Medellín,"Visita grafitour, escaleras electricas",777610.6358666575,
35.0,Comuna 13,Medellín,"Visita el Retiro, la Ceja,San antonio de pereira, rionegro",313156.7163396848,
11.0,Cartagena,Medellín,"Visita el Retiro, la Ceja,San antonio de pereira, rionegro",313118.54148787155,Si
373.0,Oriente,Medellín,Traslados desde y hacia el Aeropuerto JMC,296482.40029466536,
168.0,Cartagena,Medellín,"Visita puente colgante,Centro historico",840823.2860222688,No
285.0,Oriente,Portugal,"Visita grafitour, escaleras electricas",323314.8069565346,No
,Guatapé,Medellín,"Visita grafitour, escaleras electricas",270747.41854700306,Si
,Aeropuerto,Medellín,"Visita grafitour, escaleras electricas",618432.4266074037,Si
243.0,Aeropuerto,Medellín,"Visita el Retiro, la Ceja,San antonio de pereira, rionegro",603974.0269097933,Si
56.0,Guatapé,Medellín,"Visita grafitour, escaleras electricas",154439.66612729512,
560.0,Guatapé,España,"Visita el Retiro, la Ceja,San antonio de pereira, rionegro",252379.96572702844,Si
18.0,Santa fe de Antioquia,España,Traslados desde y hacia el Aeropuerto JMC,317105.7233184992,Si
900.0,Cartagena,Medellín,"Visita piedra del peñol,Pueblo de colores,Replica",658459.4770627567,Si
899.0,Guatapé,Medellín,"Visita grafitour, escaleras electricas",295809.7023431902,
387.0,Cartagena,Medellín,"Visita piedra del peñol,Pueblo de colores,Replica",835258.295735048,Si
25.0,Guatapé,Medellín,"Visita el Retiro, la Ceja,San antonio de pereira, rionegro",272111.15511420043,
150.0,Santa fe de Antioquia,Medellín,"Visita puente colgante,Centro historico",784458.4736996833,
186.0,Aeropuerto,Medellín,"Visita puente colgante,Centro historico",860488.7360821129,
85.0,Oriente,Medellín,Traslados desde y hacia el Aeropuerto JMC,263241.9816993974,No
137.0,Santa fe de Antioquia,Medellín,"Visita grafitour, escaleras electricas",494141.6144849617,
,Santa fe de Antioquia,Medellín,"Visita piedra del peñol,Pueblo de colores,Replica",794990.8385267961,Si
,Santa fe de Antioquia,Medellín,Traslados desde y hacia el Aeropuerto JMC,872273.7128230383,No
,Aeropuerto,Medellín,"Visita puente colgante,Centro historico",554454.4244814821,No
155.0,Guatapé,Medellín,"Visita el Retiro, la Ceja,San antonio de pereira, rionegro",395445.92902808916,No
480.0,Guatapé,Medellín,"Visita puente colgante,Centro historico",366809.9182177081,
,Oriente,Medellín,"Visita grafitour, escaleras electricas",530676.1988976172,Si
,Oriente,Medellín,"Visita el Retiro, la Ceja,San antonio de pereira, rionegro",671765.837201468,Si
,Comuna 13,Medellín,"Visita piedra del peñol,Pueblo de colores,Replica",853549.6646987362,Si
,Guatapé,Medellín,Traslados desde y hacia el Aeropuerto JMC,306645.31346807687,Si
316.0,Santa fe de Antioquia,Medellín,"Visita puente colgante,Centro historico",344034.01705921104,No
295.0,Oriente,Medellín,"Visita grafitour, escaleras electricas",435016.85013796104,
500.0,Santa fe de Antioquia,Medellín,"Visita el Retiro, la Ceja,San antonio de pereira, rionegro",389479.9849303457,
,Aeropuerto,Medellín,Traslados desde y hacia el Aeropuerto JMC,742820.6580096815,No
159.0,Cartagena,Medellín,"Visita puente colgante,Centro historico",227746.64166095515,No
202.0,Cartagena,Medellín,Traslados desde y hacia el Aeropuerto JMC,643948.9394967998,No
238.0,Santa fe de Antioquia,Medellín,"Visita piedra del peñol,Pueblo de colores,Replica",451237.0283944671,
551.0,Santa fe de Antioquia,Medellín,"Visita puente colgante,Centro historico",728550.2253451463,
996.0,Oriente,Medellín,"Visita grafitour, escaleras electricas",383240.76854801446,
612.0,Comuna 13,Medellín,"Visita puente colgante,Centro historico",712140.8183544535,Si
790.0,Perú,Medellín,Traslados desde y hacia el Aeropuerto JMC,303385.68929755327,Si
737.0,Aeropuerto,España,"Visita piedra del peñol,Pueblo de colores,Replica",694057.129588242,No
14.0,Cartagena,Medellín,"Visita el Retiro, la Ceja,San antonio de pereira, rionegro",549536.1313390632,No
,Oriente,Medellín,"Visita el Retiro, la Ceja,San antonio de pereira, rionegro",792445.1670631553,Si
322.0,Cartagena,Medellín,"Visita piedra del peñol,Pueblo de colores,Replica",190301.0997931835,Si
319.0,Comuna 13,Medellín,"Visita puente colgante,Centro historico",692950.967263808,
218.0,Oriente,Medellín,"Visita grafitour, escaleras electricas",196478.68046530598,
,Santa fe de Antioquia,Medellín,Traslados desde y hacia el Aeropuerto JMC,360651.337452464,No
156.0,Aeropuerto,Portugal,Traslados desde y hacia el Aeropuerto JMC,173925.52996310376,No
456.0,Santa fe de Antioquia,Medellín,"Visita puente colgante,Centro historico",549430.1130626651,
798.0,Oriente,Medellín,"Visita piedra del peñol,Pueblo de colores,Replica",762997.1868238372,
368.0,Cartagena,Medellín,Traslados desde y hacia el Aeropuerto JMC,491590.6384615552,No
,Guatapé,Medellín,"Visita el Retiro, la Ceja,San antonio de pereira, rionegro",388179.79812893015,No
265.0,Comuna 13,Medellín,"Visita piedra del peñol,Pueblo de colores,Replica",743532.4824521033,
316.0,Comuna 13,Medellín,"Visita puente colgante,Centro historico",244502.51741649036,Si
529.0,Comuna 13,Portugal,"Visita grafitour, escaleras electricas",433773.44456524256,No
,Aeropuerto,Medellín,"Visita puente colgante,Centro historico",895713.3111056598,Si
458.0,Perú,Medellín,"Visita el Retiro, la Ceja,San antonio de pereira, rionegro",702291.8132832267,Si
725.0,Comuna 13,Portugal,Traslados desde y hacia el Aeropuerto JMC,280249.39052484336,Si
,Aeropuerto,Medellín,"Visita piedra del peñol,Pueblo de colores,Replica",176101.05170134245,No
799.0,Comuna 13,Medellín,"Visita puente colgante,Centro historico",219673.98233236076,Si
201.0,Oriente,Medellín,"Visita puente colgante,Centro historico",466157.5528587579,
454.0,Santa fe de Antioquia,España,"Visita puente colgante,Centro historico",233009.03528889606,Si
433.0,Perú,Medellín,"Visita el Retiro, la Ceja,San antonio de pereira, rionegro",224643.35284933288,No
120.0,Comuna 13,Medellín,Traslados desde y hacia el Aeropuerto JMC,783051.664313645,
697.0,Guatapé,Medellín,Traslados desde y hacia el Aeropuerto JMC,707426.571500522,No
13.0,Oriente,Medellín,"Visita piedra del peñol,Pueblo de colores,Replica",185515.46843266,
248.0,Oriente,Portugal,"Visita grafitour, escaleras electricas",269268.018962243,No
,Aeropuerto,Medellín,Traslados desde y hacia el Aeropuerto JMC,210556.46550488623,Si
478.0,Oriente,Medellín,"Visita piedra del peñol,Pueblo de colores,Replica",388400.31873149774,
946.0,Santa fe de Antioquia,Medellín,"Visita piedra del peñol,Pueblo de colores,Replica",179036.67008680914,No
38.0,Aeropuerto,Medellín,"Visita grafitour, escaleras electricas",494469.0763027254,Si
787.0,Aeropuerto,Medellín,"Visita grafitour, escaleras electricas",625474.5084860903,Si
39.0,Aeropuerto,Medellín,"Visita puente colgante,Centro historico",606095.3292722154,No
,Comuna 13,Medellín,"Visita puente colgante,Centro historico",188913.63062996394,No
56.0,Guatapé,Medellín,"Visita piedra del peñol,Pueblo de colores,Replica",736271.7003866058,
439.0,Comuna 13,Medellín,"Visita grafitour, escaleras electricas",490213.58600020094,
28.0,Guatapé,Medellín,"Visita piedra del peñol,Pueblo de colores,Replica",602227.2323196067,
159.0,Guatapé,Medellín,"Visita piedra del peñol,Pueblo de colores,Replica",162630.87684987826,No
857.0,Santa fe de Antioquia,Medellín,"Visita el Retiro, la Ceja,San antonio de pereira, rionegro",891753.438385393,
,Aeropuerto,Medellín,"Visita puente colgante,Centro historico",808605.9172319158,No
163.0,Aeropuerto,Medellín,"Visita puente colgante,Centro historico",748450.2093287853,
747.0,Perú,Medellín,"Visita el Retiro, la Ceja,San antonio de pereira, rionegro",232215.3216287063,No
348.0,Oriente,Medellín,"Visita el Retiro, la Ceja,San antonio de pereira, rionegro",883745.4972196595,
799.0,Aeropuerto,Medellín,"Visita piedra del peñol,Pueblo de colores,Replica",158499.16278669363,
199.0,Oriente,Medellín,"Visita puente colgante,Centro historico",629067.2251475223,No
527.0,Santa fe de Antioquia,Medellín,"Visita grafitour, escaleras electricas",713208.2227396456,
308.0,Perú,Medellín,"Visita grafitour, escaleras electricas",705976.2466298573,Si
,Aeropuerto,Medellín,Traslados desde y hacia el Aeropuerto JMC,492386.9389254397,Si
537.0,Santa fe de Antioquia,Medellín,"Visita piedra del peñol,Pueblo de colores,Replica",366869.6214715815,
345.0,Santa fe de Antioquia,Medellín,"Visita el Retiro, la Ceja,San antonio de pereira, rionegro",164325.8849077987,
,Santa fe de Antioquia,Medellín,"Visita piedra del peñol,Pueblo de colores,Replica",173415.8860579676,Si
680.0,Santa fe de Antioquia,Medellín,"Visita piedra del peñol,Pueblo de colores,Replica",330914.6244185193,
,Aeropuerto,Medellín,"Visita el Retiro, la Ceja,San antonio de pereira, rionegro",447512.7146718147,No
472.0,Santa fe de Antioquia,Medellín,Traslados desde y hacia el Aeropuerto JMC,771776.4105664018,
663.0,Santa fe de Antioquia,Medellín,"Visita grafitour, escaleras electricas",787649.4099286717,
295.0,Perú,Medellín,"Visita puente colgante,Centro historico",534508.4744281517,No
,Santa fe de Antioquia,Medellín,"Visita piedra del peñol,Pueblo de colores,Replica",335033.6632353887,Si
,Guatapé,Medellín,"Visita el Retiro, la Ceja,San antonio de pereira, rionegro",577037.2776184927,Si
992.0,Santa fe de Antioquia,Medellín,"Visita el Retiro, la Ceja,San antonio de pereira, rionegro",668748.502132111,
,Aeropuerto,Medellín,"Visita piedra del peñol,Pueblo de colores,Replica",807241.8933675274,No
925.0,Guatapé,Medellín,Traslados desde y hacia el Aeropuerto JMC,405091.1329195347,No
370.0,Santa fe de Antioquia,España,"Visita puente colgante,Centro historico",494136.208824461,Si
552.0,Cartagena,Medellín,"Visita el Retiro, la Ceja,San antonio de pereira, rionegro",203233.41436058967,Si
141.0,Oriente,Medellín,"Visita grafitour, escaleras electricas",719769.5596923442,
213.0,Aeropuerto,Medellín,"Visita grafitour, escaleras electricas",595106.7591495465,
580.0,Santa fe de Antioquia,Medellín,"Visita grafitour, escaleras electricas",683405.8808742713,
833.0,Oriente,Medellín,"Visita piedra del peñol,Pueblo de colores,Replica",870519.6145222369,No
905.0,Cartagena,Medellín,"Visita puente colgante,Centro historico",227895.63192313229,Si
,Aeropuerto,Medellín,"Visita el Retiro, la Ceja,San antonio de pereira, rionegro",371242.36163570546,No
786.0,Santa fe de Antioquia,Medellín,"Visita grafitour, escaleras electricas",453357.47709040873,
479.0,Guatapé,Medellín,"Visita grafitour, escaleras electricas",772052.7752609557,
296.0,Aeropuerto,Portugal,"Visita grafitour, escaleras electricas",373476.9438851661,No
24.0,Santa fe de Antioquia,Portugal,"Visita puente colgante,Centro historico",484708.3448695173,Si
945.0,Oriente,Medellín,"Visita el Retiro, la Ceja,San antonio de pereira, rionegro",269273.269757745,Si
69.0,Cartagena,Medellín,"Visita grafitour, escaleras electricas",532866.0595578954,Si
,Comuna 13,Medellín,"Visita piedra del peñol,Pueblo de colores,Replica",638754.5044105349,No
496.0,Comuna 13,Medellín,"Visita grafitour, escaleras electricas",366043.94989185676,
754.0,Guatapé,Medellín,Traslados desde y hacia el Aeropuerto JMC,412839.2781214476,
,Aeropuerto,Medellín,"Visita el Retiro, la Ceja,San antonio de pereira, rionegro",368476.00765246904,Si
528.0,Oriente,Portugal,"Visita grafitour, escaleras electricas",564836.1317934964,No
191.0,Aeropuerto,Medellín,"Visita puente colgante,Centro historico",183628.79564073874,
870.0,Comuna 13,Medellín,"Visita grafitour, escaleras electricas",485758.86682794336,No
,Oriente,Medellín,"Visita el Retiro, la Ceja,San antonio de pereira, rionegro",465503.3309302735,No
,Santa fe de Antioquia,Medellín,"Visita el Retiro, la Ceja,San antonio de pereira, rionegro",181183.57061325217,Si
335.0,Perú,Medellín,"Visita grafitour, escaleras electricas",658583.997122779,Si
408.0,Perú,Medellín,"Visita grafitour, escaleras electricas",321235.06880326994,Si
950.0,Comuna 13,Medellín,"Visita puente colgante,Centro historico",660946.8738284631,
,Santa fe de Antioquia,Medellín,"Visita puente colgante,Centro historico",734197.2267969776,Si
598.0,Santa fe de Antioquia,Medellín,Traslados desde y hacia el Aeropuerto JMC,624769.9344424699,
168.0,Guatapé,Medellín,"Visita el Retiro, la Ceja,San antonio de pereira, rionegro",159936.86762535226,
,Oriente,Medellín,"Visita piedra del peñol,Pueblo de colores,Replica",335622.3053105831,No
406.0,Oriente,Medellín,Traslados desde y hacia el Aeropuerto JMC,167470.59104575828,
246.0,Cartagena,Medellín,"Visita piedra del peñol,Pueblo de colores,Replica",663178.4537773347,No
159.0,Comuna 13,Medellín,Traslados desde y hacia el Aeropuerto JMC,601909.2134405392,
546.0,Cartagena,Medellín,"Visita grafitour, escaleras electricas",242429.21476709464,Si
,Aeropuerto,Medellín,"Visita puente colgante,Centro historico",493259.21890200634,No
14.0,Perú,Medellín,"Visita puente colgante,Centro historico",402045.10485547857,No
472.0,Comuna 13,Medellín,"Visita piedra del peñol,Pueblo de colores,Replica",469834.33414514107,
668.0,Guatapé,Medellín,"Visita piedra del peñol,Pueblo de colores,Replica",430314.45952668536,Si
758.0,Aeropuerto,Medellín,"Visita grafitour, escaleras electricas",574755.2533120024,
390.0,Comuna 13,Medellín,Traslados desde y hacia el Aeropuerto JMC,541887.0650762565,
,Santa fe de Antioquia,Medellín,"Visita grafitour, escaleras electricas",781300.2046300016,Si
471.0,Oriente,Medellín,"Visita grafitour, escaleras electricas",695078.9691198262,Si
139.0,Aeropuerto,Medellín,"Visita piedra del peñol,Pueblo de colores,Replica",245136.76262380416,Si
123.0,Santa fe de Antioquia,Medellín,Traslados desde y hacia el Aeropuerto JMC,739482.1725428964,
385.0,Guatapé,Medellín,"Visita el Retiro, la Ceja,San antonio de pereira, rionegro",721687.5596482622,
723.0,Oriente,Medellín,Traslados desde y hacia el Aeropuerto JMC,419245.7746147756,
57.0,Perú,Medellín,"Visita piedra del peñol,Pueblo de colores,Replica",232153.9031801409,No
795.0,Comuna 13,Medellín,"Visita piedra del peñol,Pueblo de colores,Replica",518607.1856539517,
520.0,Santa fe de Antioquia,Portugal,"Visita puente colgante,Centro historico",372771.8917942061,Si
711.0,Santa fe de Antioquia,Medellín,"Visita el Retiro, la Ceja,San antonio de pereira, rionegro",449353.2097912482,
,Guatapé,Medellín,"Visita piedra del peñol,Pueblo de colores,Replica",437872.66914290475,Si
905.0,Perú,Medellín,"Visita piedra del peñol,Pueblo de colores,Replica",632547.6546750937,Si
528.0,Oriente,Medellín,"Visita piedra del peñol,Pueblo de colores,Replica",598681.696796386,Si
475.0,Cartagena,Medellín,"Visita puente colgante,Centro historico",809202.0146227827,No
118.0,Comuna 13,Medellín,"Visita puente colgante,Centro historico",350932.83270195697,Si
566.0,Oriente,Medellín,"Visita el Retiro, la Ceja,San antonio de pereira, rionegro",207418.40655272786,
193.0,Cartagena,Medellín,"Visita puente colgante,Centro historico",727043.6572525813,Si
,Oriente,Medellín,"Visita piedra del peñol,Pueblo de colores,Replica",714149.1440398907,Si
,Oriente,Medellín,Traslados desde y hacia el Aeropuerto JMC,710169.8318050179,No
500.0,Cartagena,Medellín,"Visita puente colgante,Centro historico",543667.3542626745,Si
304.0,Oriente,Medellín,"Visita grafitour, escaleras electricas",279522.15982508805,
226.0,Perú,Medellín,Traslados desde y hacia el Aeropuerto JMC,848660.0185431232,Si
263.0,Guatapé,Medellín,"Visita puente colgante,Centro historico",804793.766003787,No
220.0,Oriente,Medellín,"Visita grafitour, escaleras electricas",874539.688975724,
,Comuna 13,Medellín,"Visita piedra del peñol,Pueblo de colores,Replica",586637.0957331595,Si
650.0,Guatapé,Medellín,"Visita grafitour, escaleras electricas",362215.9132688375,
838.0,Guatapé,Medellín,"Visita grafitour, escaleras electricas",181646.713303347,
820.0,Cartagena,Medellín,Traslados desde y hacia el Aeropuerto JMC,376411.41964731144,No
951.0,Oriente,Medellín,Traslados desde y hacia el Aeropuerto JMC,787939.2175955772,
878.0,Guatapé,Medellín,Traslados desde y hacia el Aeropuerto JMC,370782.4274308523,
,Aeropuerto,Medellín,"Visita piedra del peñol,Pueblo de colores,Replica",782534.2456924889,No
915.0,Perú,Medellín,"Visita puente colgante,Centro historico",563527.5768813496,Si
142.0,Oriente,Medellín,"Visita piedra del peñol,Pueblo de colores,Replica",272715.2742600801,
,Oriente,Medellín,Traslados desde y hacia el Aeropuerto JMC,437018.0109080101,Si
367.0,Perú,Medellín,"Visita el Retiro, la Ceja,San antonio de pereira, rionegro",305175.63525869674,No
418.0,Santa fe de Antioquia,Medellín,"Visita puente colgante,Centro historico",752681.7443760742,
804.0,Oriente,Portugal,"Visita el Retiro, la Ceja,San antonio de pereira, rionegro",783450.3619652138,Si
445.0,Comuna 13,Medellín,Traslados desde y hacia el Aeropuerto JMC,675919.3773808451,
639.0,Comuna 13,Medellín,Traslados desde y hacia el Aeropuerto JMC,838960.7948633467,
22.0,Perú,Medellín,"Visita el Retiro, la Ceja,San antonio de pereira, rionegro",895237.4230494018,No
34.0,Santa fe de Antioquia,Medellín,"Visita grafitour, escaleras electricas",499742.95890732855,
983.0,Comuna 13,Medellín,"Visita el Retiro, la Ceja,San antonio de pereira, rionegro",368924.22293292667,
426.0,Aeropuerto,Medellín,Traslados desde y hacia el Aeropuerto JMC,509575.0524257008,No
,Santa fe de Antioquia,Medellín,"Visita grafitour, escaleras electricas",229249.16227984818,No
375.0,Guatapé,Medellín,"Visita el Retiro, la Ceja,San antonio de pereira, rionegro",756586.2649958212,
214.0,Aeropuerto,Medellín,"Visita grafitour, escaleras electricas",334106.12588405324,
443.0,Santa fe de Antioquia,Medellín,"Visita piedra del peñol,Pueblo de colores,Replica",230739.89034065208,
222.0,Aeropuerto,Medellín,Traslados desde y hacia el Aeropuerto JMC,339698.97047124663,
583.0,Santa fe de Antioquia,Medellín,"Visita el Retiro, la Ceja,San antonio de pereira, rionegro",718822.990652803,
538.0,Aeropuerto,Medellín,Traslados desde y hacia el Aeropuerto JMC,761998.1352815506,
405.0,Aeropuerto,Medellín,"Visita el Retiro, la Ceja,San antonio de pereira, rionegro",171591.7528733983,
,Guatapé,Medellín,"Visita el Retiro, la Ceja,San antonio de pereira, rionegro",677251.3579911747,No
547.0,Oriente,Medellín,"Visita puente colgante,Centro historico",618317.577647184,
211.0,Santa fe de Antioquia,España,"Visita el Retiro, la Ceja,San antonio de pereira, rionegro",318368.2460611535,No
,Oriente,Medellín,Traslados desde y hacia el Aeropuerto JMC,392384.18717419996,No
571.0,Perú,Medellín,Traslados desde y hacia el Aeropuerto JMC,887377.3973915469,Si
,Comuna 13,Medellín,"Visita puente colgante,Centro historico",643611.6680644657,No
148.0,Aeropuerto,Medellín,"Visita grafitour, escaleras electricas",779896.7949953747,
465.0,Oriente,Medellín,Traslados desde y hacia el Aeropuerto JMC,447017.5613764893,
57.0,Santa fe de Antioquia,Medellín,"Visita grafitour, escaleras electricas",289172.31373702077,Si
519.0,Perú,Medellín,"Visita grafitour, escaleras electricas",403049.9282674602,No
694.0,Guatapé,Medellín,"Visita grafitour, escaleras electricas",425693.8454644675,
,Santa fe de Antioquia,Medellín,Traslados desde y hacia el Aeropuerto JMC,292552.12417151453,Si
875.0,Comuna 13,Medellín,"Visita el Retiro, la Ceja,San antonio de pereira, rionegro",882040.5667838552,
130.0,Guatapé,España,Traslados desde y hacia el Aeropuerto JMC,288858.6378347969,No
299.0,Guatapé,Medellín,Traslados desde y hacia el Aeropuerto JMC,596086.1263061428,
534.0,Aeropuerto,Medellín,"Visita el Retiro, la Ceja,San antonio de pereira, rionegro",181498.3531926508,
397.0,Cartagena,Medellín,"Visita grafitour, escaleras electricas",623583.4317338688,Si
,Comuna 13,Medellín,"Visita puente colgante,Centro historico",259263.93551603417,No
132.0,Santa fe de Antioquia,Medellín,"Visita grafitour, escaleras electricas",372832.1172185826,
831.0,Santa fe de Antioquia,Medellín,"Visita piedra del peñol,Pueblo de colores,Replica",537596.75435041,
777.0,Guatapé,Medellín,"Visita grafitour, escaleras electricas",184727.3109890857,No
,Oriente,Medellín,"Visita piedra del peñol,Pueblo de colores,Replica",179371.01100270305,Si
675.0,Cartagena,Medellín,Traslados desde y hacia el Aeropuerto JMC,895173.5477104292,Si
158.0,Oriente,Medellín,"Visita puente colgante,Centro historico",544548.1353673434,
191.0,Guatapé,Medellín,"Visita grafitour, escaleras electricas",339887.9138128047,
40.0,Cartagena,Medellín,"Visita grafitour, escaleras electricas",437535.3621385545,No
436.0,Oriente,Medellín,"Visita el Retiro, la Ceja,San antonio de pereira, rionegro",404691.52731994796,Si
208.0,Perú,Medellín,"Visita piedra del peñol,Pueblo de colores,Replica",674554.8463030756,Si
,Comuna 13,Medellín,"Visita grafitour, escaleras electricas",471555.1127752079,No
464.0,Guatapé,Medellín,"Visita el Retiro, la Ceja,San antonio de pereira, rionegro",784806.7315001998,
494.0,Guatapé,Medellín,"Visita puente colgante,Centro historico",443208.3825991651,Si
105.0,Cartagena,Medellín,Traslados desde y hacia el Aeropuerto JMC,761252.4386971196,Si
736.0,Aeropuerto,Medellín,"Visita puente colgante,Centro historico",675441.8526940452,
953.0,Aeropuerto,Medellín,"Visita puente colgante,Centro historico",606168.1309826947,
,Santa fe de Antioquia,Medellín,"Visita grafitour, escaleras electricas",510818.5740883267,No
289.0,Perú,Medellín,"Visita grafitour, escaleras electricas",804605.0947858548,Si
507.0,Santa fe de Antioquia,Portugal,"Visita grafitour, escaleras electricas",261620.27472443285,Si
239.0,Guatapé,Medellín,"Visita el Retiro, la Ceja,San antonio de pereira, rionegro",215865.7503176845,
446.0,Perú,Medellín,"Visita grafitour, escaleras electricas",832616.5574843393,Si
503.0,Aeropuerto,España,"Visita grafitour, escaleras electricas",719011.847147979,Si
,Comuna 13,Medellín,"Visita grafitour, escaleras electricas",858238.3511597157,No
903.0,Oriente,Medellín,"Visita grafitour, escaleras electricas",677470.9907220873,
451.0,Perú,Medellín,"Visita el Retiro, la Ceja,San antonio de pereira, rionegro",531754.1190346556,Si
,Comuna 13,Medellín,"Visita el Retiro, la Ceja,San antonio de pereira, rionegro",220157.64512570752,Si
4.0,Oriente,Medellín,Traslados desde y hacia el Aeropuerto JMC,851621.7131918895,
244.0,Santa fe de Antioquia,Medellín,"Visita puente colgante,Centro historico",552303.8242674943,
870.0,Perú,Medellín,Traslados desde y hacia el Aeropuerto JMC,554671.2770859135,No
156.0,Comuna 13,Medellín,Traslados desde y hacia el Aeropuerto JMC,302960.15248531336,
767.0,Aeropuerto,Medellín,"Visita grafitour, escaleras electricas",214689.5887529214,
